id,domain,status,purchase_price,renewal_price,attractiveness,demand,length,registrar,created_at,expires_at
00a77359-6b1a-4ce4-8fe0-10398bdae2ba,blewit.ninja,available,9.99,,44,2,7,name.com,,
026d6282-bde1-4105-b9a1-0114ba74ed63,preliminarily.ninja,available,9.99,,41,1,13,name.com,,
0387a342-a419-4e0b-bf02-433b5a0c868b,stadia.ninja,available,9.99,,66,22,6,name.com,,
03aa03be-9711-48bb-b032-80a00f0c348f,behindschedule.ninja,available,9.99,,38,1,15,name.com,,
04bc2df2-1349-4214-bd52-a068aa7efb60,breaks.ninja,available,9.99,,52,10,6,name.com,,
06df4f35-090c-4cc9-9300-efd0cf72e607,gettingeven.ninja,available,9.99,,48,1,12,name.com,,
0988229f-cf8a-4d9f-8bff-94cfb925b807,difficulties.ninja,available,9.99,,70,3,12,name.com,,
09a7d3e6-5baa-43d6-9689-752a14f3730b,stories.ninja,available,9.99,,58,36,7,name.com,,
0a22852e-9d11-4b4b-b97c-2ad2b277f3f5,havenot.ninja,available,9.99,,66,4,8,name.com,,
0cd262df-054c-40df-a2ec-2424dfe51e81,alcoholics.ninja,available,9.99,,38,4,10,name.com,,
0ce8fd78-7876-4620-b743-b4b41c27aa72,woes.ninja,available,9.99,,46,4,4,name.com,,
0d1220d8-2ec7-42ee-9f98-5317746bed24,leavemealone.ninja,available,9.99,,42,7,14,name.com,,
0d63fb78-a2de-490b-a219-1425b646a70e,OxyContin.ninja,available,9.99,,64,6,9,name.com,,
0e85206d-c5ea-48e9-8694-36c41f5899dd,fundamentalism.ninja,available,9.99,,58,2,14,name.com,,
12438b22-5793-47f5-bad4-47986d9d7e27,bebothered.ninja,available,9.99,,63,1,11,name.com,,
12f99409-533d-41a4-9fad-31ee010833db,goawry.ninja,available,9.99,,66,0,7,name.com,,
14cd1985-3aed-4ed2-8ff6-465f54a46dbe,socialjustice.ninja,available,9.99,,68,6,14,name.com,,
152c0f58-1e38-4889-95a2-7924195b5c37,gotothewashroom.ninja,available,9.99,,56,1,18,name.com,,
163115ad-db8c-45b0-9ffc-f892219c36a1,waitforit.ninja,available,9.99,,43,4,11,name.com,,
169cebbe-bb9a-4caa-8138-6d50df0e4841,shouts.ninja,available,9.99,,47,5,6,name.com,,
17ada8c4-4319-4b11-8357-8dea49fc91c9,gototherestroom.ninja,available,9.99,,56,1,18,name.com,,
1ab2ed09-62b2-4e9b-8b31-e423770d61da,alcoholaddiction.ninja,available,9.99,,50,3,17,name.com,,
1bc0358f-dd96-44c0-ba29-5ee875411005,wastes.ninja,available,9.99,,50,4,6,name.com,,
1ca9f66a-bee8-417c-a6cf-489ec09a3bbe,justin.ninja,premium,41.25,,58,38,7,name.com,,
1cad1235-b694-4b67-b987-2656f31bf39a,suspicions.ninja,available,9.99,,43,2,10,name.com,,
1ccad6f8-84f4-44ea-8a49-215b4f8e97d0,nailed.ninja,available,9.99,,58,6,6,name.com,,
1d221451-1598-4a8e-8307-445708ab9dfd,lies.ninja,available,9.99,,60,12,4,name.com,,
1d75d669-7a1e-473e-8730-3258b5b7c949,storms.ninja,available,9.99,,60,10,6,name.com,,
1e6b97fe-fc28-48aa-8217-2fac673a5b9d,mistakes.ninja,available,9.99,,52,7,8,name.com,,
1eb3c6b9-e16c-4c5c-a082-3b34e36fb997,keepunder.ninja,available,9.99,,66,1,10,name.com,,
1fb5a434-29ff-4cd8-9db4-fccb640bd8fc,goberserk.ninja,available,9.99,,68,1,10,name.com,,
20312c6b-d28f-4b53-baf0-08c44edf3b7b,sellthrough.ninja,available,9.99,,64,2,12,name.com,,
205676ce-0bda-4747-b89c-d8197ef31ed1,prejudices.ninja,available,9.99,,38,1,10,name.com,,
22265026-c49b-4d18-b101-60a583c1f206,waitout.ninja,available,9.99,,63,1,8,name.com,,
232e5c89-a7ff-4a0f-9a9c-bca0ac328a86,godark.ninja,available,9.99,,68,5,7,name.com,,
249105c1-740b-4ce5-9f63-e1418fe22223,traps.ninja,available,9.99,,68,7,5,name.com,,
25459f7d-b07a-478b-b7f8-98038559b3cd,ofan.ninja,available,9.99,,44,4,5,name.com,,
25a6ae2d-d220-48c8-958f-6ee9513e4434,peed.ninja,available,9.99,,54,4,4,name.com,,
27e60259-5fd3-4572-b549-3ab1dc2c2a96,overwhelmed.ninja,available,9.99,,48,5,11,name.com,,
27fad111-7c89-40f0-b17f-d9fe837993d0,havethefoggiest.ninja,available,9.99,,54,1,17,name.com,,
280396dd-b06a-49ad-b079-5e6a54c42e99,overanxious.ninja,available,9.99,,64,1,12,name.com,,
28900796-acf1-4154-8baa-8839f6de7cff,etc.ninja,available,9.99,,58,34,3,name.com,,
2941bf37-e3ee-4833-818b-281f2edc03cb,thickskinned.ninja,available,9.99,,52,1,13,name.com,,
2a4e1635-91c5-4da0-b5ba-24ea655ea59b,finalstraw.ninja,available,9.99,,66,2,11,name.com,,
2c17d8f5-2ee1-4459-beb4-8c2df7226a87,finalreckoning.ninja,available,9.99,,58,2,15,name.com,,
2d8ecdc9-2147-473a-a61e-f1fbd08d5472,childmurderer.ninja,available,9.99,,30,1,14,name.com,,
2de5d970-999b-46ef-9d4a-528a5f62585a,rubbed.ninja,available,9.99,,62,2,6,name.com,,
2de9286b-14ee-4656-81fd-0cac87411a91,targets.ninja,available,9.99,,54,10,7,name.com,,
2ed8cdca-16c7-4835-ba3e-74c3cf3fb0ee,sticks.ninja,available,9.99,,60,11,6,name.com,,
2f56d2ae-426e-4e75-a59c-a5ad3b697192,Ihateyou.ninja,available,42.98,,52,4,10,namecheap,,
31b35ae7-3bd6-4c4f-bcd8-8f05a7888351,online.ninja,premium,123.75,,70,62,7,name.com,,
31e0d997-1c78-43c4-88ff-14d3bb772ed1,sitaround.ninja,available,9.99,,66,1,10,name.com,,
32689890-fe1e-4712-8555-3d767e1c8375,midlifecrisis.ninja,available,9.99,,58,9,15,name.com,,
334bbfce-67fc-4c00-ac34-c6b1f32ed24c,filetype.ninja,available,9.99,,64,3,9,name.com,,
33d7c1fe-858a-43c6-9d2f-df8065c2ddde,alcoholintoxication.ninja,available,9.99,,48,1,20,name.com,,
341b66d2-7dea-45ec-8f19-d57a69654b78,turds.ninja,available,9.99,,38,3,5,name.com,,
35303030-eb1a-4556-86d5-66e404d05a8c,smashandgrab.ninja,available,9.99,,48,2,14,name.com,,
369840cb-430b-47b5-8ddf-2785ac06e28a,carbonmonoxide.ninja,available,9.99,,54,4,15,name.com,,
3735442d-7170-4194-975b-58e95a6c1120,errors.ninja,available,9.99,,46,11,6,name.com,,
37f8093d-0775-4031-aa83-512cd706b5c2,behindbars.ninja,available,9.99,,60,6,11,name.com,,
3a2211d4-db18-453c-9b27-607d697e99be,smashup.ninja,available,9.99,,58,5,8,name.com,,
3a6bbfaf-3ef1-4f6a-88ad-076139ee3128,slipin.ninja,available,9.99,,65,2,7,name.com,,
3ac39c16-1838-4749-9e91-22e1c6eda98d,waitup.ninja,available,9.99,,63,2,7,name.com,,
3cd4f828-5f83-4c5f-830e-ae28f0fa849f,tbsp.ninja,available,9.99,,63,5,4,name.com,,
3dee9610-210e-4c28-8777-297869c67d7e,tabs.ninja,resell,,,46,19,4,"GoDaddy.com, LLC",23/10/2024 14:00,23/10/2026 14:00
3df80729-a120-40d7-8cbb-6fa9f4706e39,costcutting.ninja,available,9.99,,64,3,12,name.com,,
3e4654fa-3744-4622-b53a-a39149b6a059,solarpower.ninja,available,9.99,,84,15,11,name.com,,
3fa04b28-550d-4214-9a1f-c70d45b9b44d,oysters.ninja,available,9.99,,57,9,7,name.com,,
42699f15-4170-4f0a-b380-a2356026bd90,FinalJudgment.ninja,available,42.98,,54,2,14,namecheap,,
42973f44-8d53-4efe-8425-be88c84407d9,alcoholusedisorder.ninja,available,9.99,,48,1,20,name.com,,
42da4cc2-85c5-4b7e-b136-e9c33788905a,goAWOL.ninja,available,42.98,,46,2,7,namecheap,,
4305d3e3-f3e0-4de8-bee3-c92351d02eff,biases.ninja,available,9.99,,42,3,6,name.com,,
439158a7-8e34-4683-bddb-2d07db052a9a,thefixisin.ninja,available,9.99,,38,1,13,name.com,,
446047b7-6326-41a9-bc06-dd2f0d8d85da,tracks.ninja,available,9.99,,60,18,6,name.com,,
4520650d-6f6b-465a-b097-e0d21b14a786,havenoneofit.ninja,available,9.99,,56,1,15,name.com,,
45228633-7bb0-4264-b68a-577c9848dbb9,poreover.ninja,available,9.99,,62,1,9,name.com,,
45b1421b-9208-4087-8969-69182c590f1f,lives.ninja,available,9.99,,64,15,5,name.com,,
463fdc1d-d87b-43cd-9f1e-76628c80603c,barbedwire.ninja,available,9.99,,66,3,11,name.com,,
46927e29-dbbe-4289-beb4-5d22900d5146,thedamn.ninja,available,9.99,,38,1,8,name.com,,
49fd5729-41a9-4799-a755-cd485e167135,bedamned.ninja,available,9.99,,38,1,9,name.com,,
4c37eec5-d01e-4338-b99a-d253c378aea3,toburn.ninja,available,9.99,,50,1,7,name.com,,
4ceccdef-9957-476b-8c34-be030d4c5aac,uptill.ninja,available,9.99,,50,1,7,name.com,,
4f30f9e6-5157-41c6-acab-ebc848496830,havenobusiness.ninja,available,9.99,,60,1,16,name.com,,
4f395b36-4102-453a-bf42-7d2116c287a5,proxycard.ninja,available,9.99,,44,2,10,name.com,,
4febd91d-d5da-462d-abaa-17d24a8d04bd,keepfrom.ninja,available,9.99,,52,1,9,name.com,,
503b7f8d-5c67-4ba3-9088-58de4468165a,thesame.ninja,available,9.99,,54,5,8,name.com,,
5086c290-0d1a-4f2f-a5c6-60652dae3433,distresscall.ninja,available,9.99,,32,1,13,name.com,,
50b5fa89-2aa0-4126-92b3-57c804a40787,givingin.ninja,available,9.99,,50,1,9,name.com,,
50f81276-7cdf-4188-a956-86d7f372199a,slipitto.ninja,available,9.99,,64,1,10,name.com,,
529604d0-7e75-4137-9173-9237b967e961,havetheblues.ninja,available,9.99,,58,1,14,name.com,,
5382e52a-559a-451c-8815-71532b31578b,proxymurder.ninja,available,9.99,,36,1,12,name.com,,
54652911-7436-421a-acd3-2fd6610da840,getsick.ninja,available,9.99,,72,1,8,name.com,,
558197d4-9144-4264-afd3-c0b0bf2bb1ce,killed.ninja,available,9.99,,56,5,6,name.com,,
55e03465-05fb-4d24-a19d-93552d8ea425,sorethroat.ninja,available,9.99,,64,2,11,name.com,,
5600faa2-5b00-4fe2-945d-ab698ed24102,childrapist.ninja,available,9.99,,38,1,12,name.com,,
56ed76f7-e4d4-4692-b018-9933faac95fd,alcoholproblem.ninja,available,9.99,,30,1,15,name.com,,
579e6349-b89b-441b-ab64-b1f52c78a26c,flashflooding.ninja,available,9.99,,52,0,14,name.com,,
57e40831-54d8-4a4c-8f50-030cda7ea660,fruits.ninja,available,9.99,,74,17,6,name.com,,
586a3460-3aef-4875-b403-50c540aba40f,parkin.ninja,available,9.99,,59,8,7,name.com,,
590364da-bbfe-440e-b875-ac61533ee79a,couldnotcareless.ninja,available,9.99,,38,0,19,name.com,,
5be2f2df-82d8-494a-a476-500f3ab1ba4a,proxybattle.ninja,available,9.99,,44,1,12,name.com,,
5cf1fc64-89bf-4aa0-8205-59c1e3fcb9f9,cocks.ninja,available,9.99,,56,10,5,name.com,,
5e271ab1-17ec-4762-b076-3d1bac1429ce,havenosympathy.ninja,available,9.99,,54,1,16,name.com,,
5e711938-087f-4826-83e8-8de5635ed3fa,keepoutof.ninja,available,9.99,,68,0,11,name.com,,
6135ad2b-8cdc-4433-a384-2e9c395985d0,deadonarrival.ninja,available,9.99,,46,2,15,name.com,,
62781467-c559-4f1f-b255-be964a4aa3e5,lists.ninja,available,9.99,,60,14,5,name.com,,
62892ca3-cdc8-4932-adf0-60cc317e9044,deaths.ninja,available,9.99,,50,6,6,name.com,,
63c0e072-8275-4595-bdc2-59515df1b1ae,gomissing.ninja,available,9.99,,70,1,10,name.com,,
63ca6db9-4866-40b3-a562-1e3ba674a520,rumorhasit.ninja,available,9.99,,47,2,12,name.com,,
64294996-104b-472f-9328-1884831181a6,cheesedown.ninja,available,9.99,,62,0,11,name.com,,
657734fc-a298-4b05-bd7d-48c8a70c6a1d,breastcancer.ninja,available,9.99,,58,9,13,name.com,,
65f8e193-a59c-4bc6-a041-635773fc8d86,gomad.ninja,available,9.99,,70,5,6,name.com,,
66539aac-a92b-4ff9-abe8-9a53a7397e91,manuallabour.ninja,available,9.99,,58,1,13,name.com,,
6751afcc-58ed-4ed6-96d9-4d794ed61a6a,paperingover.ninja,available,9.99,,53,1,13,name.com,,
67fa82d2-8271-4273-af5b-d08c56b7d1c7,coins.ninja,resell,,,56,41,5,Dynadot Inc,18/12/2025 23:59,18/12/2026 23:59
6999cf91-43b2-4266-949d-6410d60d9c96,sucks.ninja,available,9.99,,48,11,5,name.com,,
6a5608d0-df09-418f-beb1-937e3e84571c,proxyvoting.ninja,available,9.99,,62,2,12,name.com,,
6ba5fba6-07ec-45f2-b231-c76ae7fea3c5,filingfees.ninja,available,9.99,,46,1,11,name.com,,
6bafc56e-d0ff-4aa8-82b7-1ebdaee3cc7c,divorcing.ninja,available,9.99,,46,6,9,name.com,,
6e7e6b31-b68e-47b7-8f79-446db6c67d27,Ichooseviolence.ninja,available,42.98,,44,1,17,namecheap,,
6edafc26-c6d5-4d36-a695-5babbe10b7c9,gooverboard.ninja,available,9.99,,64,1,12,name.com,,
6f04b31b-1fd0-42ac-84fb-3b062b92c929,refused.ninja,available,9.99,,50,4,7,name.com,,
706b1bb0-7c3f-4081-b930-8926c7a24c9e,WorldWarIII.ninja,available,42.98,,48,3,13,namecheap,,
7106c9ac-f7eb-4817-98ea-727218113444,suppresses.ninja,available,9.99,,44,1,10,name.com,,
72bf6b3b-7b07-434d-93be-4789b2d3f389,indanger.ninja,available,9.99,,60,1,9,name.com,,
72fb1fff-8976-49aa-a9d7-6f0e89858912,votes.ninja,available,9.99,,60,11,5,name.com,,
730f7188-713a-4962-be08-538873eb1eaa,smashinto.ninja,available,9.99,,38,0,10,name.com,,
738cea8c-8025-47ad-8bb2-ae083c5b474e,punched.ninja,available,9.99,,50,3,7,name.com,,
741ce7c4-d156-4703-a1d8-b35ac3bf5525,tickets.ninja,resell,,,64,34,7,"NameCheap, Inc.",29/06/2025 17:00,29/06/2027 17:00
74d4775a-7ad3-44d0-b3b5-b82c636d3c79,stuffit.ninja,available,9.99,,44,5,8,name.com,,
75b6b560-d9ea-4c89-8bd7-b9f114982015,goastray.ninja,available,9.99,,66,1,9,name.com,,
769bcf09-1443-496d-b377-bb3b402e3d62,conflicts.ninja,available,9.99,,66,5,9,name.com,,
770100bf-2585-4246-85fc-7bbaa513c39e,SaintGeorge.ninja,available,42.98,,54,6,12,namecheap,,
775e4ad0-838c-4996-97ef-73129a6c87de,devoured.ninja,available,9.99,,40,3,8,name.com,,
778969a1-6c84-4cb0-8a4d-f2f3ca0a47f9,suspecting.ninja,available,9.99,,48,1,10,name.com,,
779394d8-f357-4720-b98e-5395b7b91ad5,sweatshop.ninja,available,9.99,,56,8,10,name.com,,
782ab347-5cb0-4272-8285-d2b539162f99,doesnotcompute.ninja,available,9.99,,40,3,16,name.com,,
79273b30-405a-4ccc-a1f5-745114e02e9b,toexcess.ninja,available,9.99,,55,0,9,name.com,,
798d4c31-efa1-4b9f-98db-8041628d837a,victims.ninja,available,9.99,,42,5,7,name.com,,
7a938083-d2dd-4dc7-871d-853d366759f7,axes.ninja,available,9.99,,36,10,4,name.com,,
7b954480-a690-445e-a79d-04953cdb42b0,somuchfor.ninja,available,9.99,,46,0,11,name.com,,
7c52c2bd-2dde-4be2-aee2-9716e2fb850a,fullfrontalnudity.ninja,available,9.99,,48,1,19,name.com,,
7c6a6fb2-fdf2-4504-ad14-225d4dff80ab,chunks.ninja,available,9.99,,46,8,6,name.com,,
7d976357-2db1-4713-a536-10c6ae32c356,hightech.ninja,resell,,,83,16,9,united-domains GmbH,28/05/2014 17:00,28/05/2026 17:00
7db4399c-0acf-4461-ad98-533602fc1c58,terrifies.ninja,available,9.99,,39,1,9,name.com,,
7e1d8572-cfcf-4975-a3cb-734d6e914380,childmarriage.ninja,available,9.99,,48,2,14,name.com,,
7e2d5290-4f2a-4784-8813-6ad9198c93dc,alcoholpoisoning.ninja,available,9.99,,48,1,17,name.com,,
7e85f516-cede-4dd2-ab89-a2d56b2b3b98,StGeorges.ninja,available,42.98,,54,6,10,namecheap,,
80464e0a-8102-4abc-9494-093e2c8c7180,breastfeeding.ninja,available,9.99,,66,10,13,name.com,,
830e11f2-81f2-445b-9604-bd830323ecd1,thieves.ninja,available,9.99,,45,8,7,name.com,,
83689637-a9da-42d9-98d7-7415a8fd45d9,filetypes.ninja,available,9.99,,46,3,9,name.com,,
849c9f56-1233-4309-93b8-5f88eaabc444,noses.ninja,available,9.99,,48,3,5,name.com,,
85cfdf87-afe3-499e-9d3a-a0c4114019e6,overrated.ninja,available,9.99,,60,6,10,name.com,,
88b1e67d-2ed5-43d0-b8a8-97142d633c30,mosquitos.ninja,available,9.99,,42,5,9,name.com,,
89177585-10cb-4e31-a1c4-f20006eb7b49,worldsapart.ninja,available,9.99,,64,3,12,name.com,,
894aeb59-f651-42a2-96a7-e607a27ae1cd,structurally.ninja,available,9.99,,48,3,12,name.com,,
8ae9183d-c7dc-4460-9635-61f93f6b35c1,refusing.ninja,available,9.99,,40,3,8,name.com,,
8b46d47a-27d8-4cb5-a7d7-c7fe5a0966b8,howtheheck.ninja,available,9.99,,48,1,12,name.com,,
8c0b1f5f-ec21-44be-9bf1-89a0c2dbadae,spectra.ninja,resell,,,62,34,7,Dynadot Inc,18/01/2026 17:00,18/01/2027 17:00
8c5a93db-5cc4-4f3a-a845-626791ce5d4f,quitting.ninja,available,9.99,,54,4,8,name.com,,
8dcacc6f-4b7e-4758-8f78-910d170a8235,clickbait.ninja,available,9.99,,66,11,9,name.com,,
8ea8f44d-5a03-420a-b6b7-7f3ffadbdf38,rashes.ninja,available,9.99,,40,3,6,name.com,,
8f871ece-5e3a-4ade-94ca-1749770fa4dc,somuchso.ninja,available,9.99,,50,1,10,name.com,,
9021f086-a5b3-4f4c-ad8d-38120804bb38,havenousefor.ninja,available,9.99,,56,0,15,name.com,,
921e99a0-6c3b-400d-9e97-cee501d2c077,takehuff.ninja,available,9.99,,64,1,9,name.com,,
92c696bb-535f-4e00-bfe4-16211b1ad000,takeanap.ninja,available,9.99,,73,2,10,name.com,,
94920178-f587-4a35-9266-b6ad1f4be87d,PopeGregoryI.ninja,available,42.98,,28,1,14,namecheap,,
9499cccc-9556-4494-a3ab-292a4250a4ea,foes.ninja,available,9.99,,46,6,4,name.com,,
94e6dd3e-2da6-4951-828f-d2d503bab0fc,mosquitoes.ninja,available,9.99,,42,4,10,name.com,,
975c5e87-8e66-4590-95f5-4ca3007b11a6,TyphoidMary.ninja,available,42.98,,59,1,12,namecheap,,
97aeb2cb-de73-4f6a-90ee-a6046be2ee1a,disappointment.ninja,available,9.99,,50,4,14,name.com,,
97ea5c60-a4aa-4b5a-8edb-6d21ab43cd47,backtaxes.ninja,available,9.99,,62,3,10,name.com,,
9887af74-991c-4a8b-8790-c07f638e58d5,postponement.ninja,available,9.99,,57,1,12,name.com,,
98f21a6f-d07b-41c3-89dd-1a23889b0fc2,asteroid.ninja,available,9.99,,70,19,8,name.com,,
98fb92ba-dcd3-40ab-babe-b8a97393f39c,counterattack.ninja,available,9.99,,64,3,14,name.com,,
99dfda18-ae5c-4c00-82b6-0950437ad057,keepitdown.ninja,available,9.99,,46,0,12,name.com,,
9a6e31f2-aba7-45ab-a749-6f19bc55230f,packingtape.ninja,available,9.99,,70,2,12,name.com,,
9a7e43a0-4ccb-4cd6-ab83-184f9333352e,niggers.ninja,resell,,,37,13,7,Tucows Domains Inc.,31/07/2025 16:57,31/07/2027 16:57
9c637a2a-f084-45cd-8c25-c0f68f26ebb8,scratches.ninja,available,9.99,,60,4,9,name.com,,
9c830e05-4a8c-43ec-8968-0d18014543ef,sedated.ninja,available,9.99,,43,2,7,name.com,,
9e86fbf1-02a0-4418-bb5b-7b66ebd68cd0,letterofdismissal.ninja,available,9.99,,44,1,19,name.com,,
9e9b694f-f749-4558-bd31-d7d6273c6f4a,backbreaking.ninja,available,9.99,,54,1,13,name.com,,
9f688a0a-2d1c-4145-90dd-d9313835120e,underprotest.ninja,available,9.99,,30,1,13,name.com,,
9ff0a417-952b-4ba0-9443-036440108e48,proxyfight.ninja,available,9.99,,44,1,11,name.com,,
a143d59c-45a2-45ac-b1ce-c53c6249d83a,nitpicking.ninja,available,9.99,,58,1,10,name.com,,
a1d482cf-83f8-45a5-a68e-f5130e986266,parkup.ninja,available,9.99,,59,4,7,name.com,,
a28352dd-70c2-46ab-ad1f-728055114e4e,incheck.ninja,available,9.99,,46,5,8,name.com,,
a2df6f4f-6fed-4342-b664-01b0f2f0d36b,filewith.ninja,available,9.99,,68,2,9,name.com,,
a32512f4-9fcb-49ef-9bb0-c9bb365a9fad,gorogue.ninja,available,9.99,,64,4,8,name.com,,
a74c8f9e-b661-40df-a67e-25fc8c84c0fa,sucked.ninja,available,9.99,,54,4,6,name.com,,
a817fd02-59d6-476b-b9b4-695ae6841c17,flashfloods.ninja,available,9.99,,42,1,12,name.com,,
a8d41880-3e4f-4415-a8d3-5f67f4f31cf4,floods.ninja,available,9.99,,38,6,6,name.com,,
aa13924d-ab71-445d-9c69-ba7063aa5e37,Tests.ninja,available,42.98,,49,21,5,namecheap,,
aadaf077-6fb3-46d2-b8e6-7d8f2d1559d4,fights.ninja,available,9.99,,55,9,6,name.com,,
aafc2999-832d-40ba-97a6-377ebebf9519,turnedoff.ninja,available,9.99,,42,1,10,name.com,,
ab30a63b-0df7-4d7e-ae3b-9c49be0e0908,remembrances.ninja,available,9.99,,51,2,12,name.com,,
ac3db108-fab6-4697-bb29-5dc150dcb821,probablecause.ninja,available,9.99,,55,2,14,name.com,,
acf33932-6f60-4b13-a80e-31b5a75bb642,lactoseintolerance.ninja,available,9.99,,56,2,19,name.com,,
ad787cd7-0fe3-4fd9-8b5b-757734cc94a8,deadoralive.ninja,available,9.99,,54,5,13,name.com,,
adf79b46-715a-41b1-ac3b-84712a51255f,disorders.ninja,available,9.99,,46,5,9,name.com,,
ae1df48f-5a1d-4fb7-9195-f0df7505acdd,goballistic.ninja,available,9.99,,68,2,12,name.com,,
ae2a9bce-cfa1-44b0-8967-38bf1c84ec6b,leaveover.ninja,available,9.99,,70,1,10,name.com,,
ae64078c-db30-49bb-bcef-d4baf0e2473d,parkingfine.ninja,available,9.99,,46,2,12,name.com,,
ae96d0c7-951c-4413-a166-814e0ae04569,slipoff.ninja,available,9.99,,65,1,8,name.com,,
b1124292-3b6c-45f2-90f4-048d82c5da6d,belike.ninja,available,9.99,,74,7,7,name.com,,
b4800301-a6af-46cd-a88b-4c09b5742eab,sawoff.ninja,available,9.99,,60,1,7,name.com,,
b5826539-c42a-4c58-88bf-165e0985fcbe,threats.ninja,available,9.99,,44,8,7,name.com,,
b6198cfa-8e88-469f-a9a8-e03086aa0aec,godownhill.ninja,available,9.99,,68,1,11,name.com,,
b69041e0-6349-45cf-ae38-6bfd927c77d4,thereaway.ninja,available,9.99,,58,1,10,name.com,,
b6fdcdd0-d13f-4ff9-a77b-55788a8b6247,gonowhere.ninja,available,9.99,,62,2,10,name.com,,
b8722e2d-03fc-484a-a02c-40a90179bbf3,turnorburn.ninja,available,9.99,,56,1,12,name.com,,
b920640f-65c2-42d0-a99d-39c974e59baa,stuffyou.ninja,available,9.99,,44,1,9,name.com,,
ba3889a5-add3-42b9-b07a-2e50aee53c68,strangers.ninja,available,9.99,,46,9,9,name.com,,
bc89fa6a-2d70-47b4-9b02-86f7f3e883d2,counterfeits.ninja,available,9.99,,40,2,12,name.com,,
bd7dc7af-e0bb-4603-a22e-02d1a2979c47,WorldWarIV.ninja,available,42.98,,52,1,12,namecheap,,
bf5ba937-e291-4d29-bd4b-98b22ff15b3f,uncared.ninja,available,9.99,,57,1,7,name.com,,
c138ec10-9c59-4978-b014-26495341937d,ebooks.ninja,resell,,,62,19,6,"GoDaddy.com, LLC",23/10/2024 14:00,23/10/2026 14:00
c1b4ca38-2dcd-4ac4-8f2c-6963d27746ff,segregation.ninja,available,9.99,,62,2,11,name.com,,
c26c757c-0c29-49ed-841b-fd5822c92a9c,slipthrough.ninja,available,9.99,,66,1,12,name.com,,
c3237598-c4f9-493c-ae9e-40933f963632,dangers.ninja,available,9.99,,46,6,7,name.com,,
c593b2d4-9167-466a-a60f-6f01059fcc2d,strepthroat.ninja,available,9.99,,68,2,12,name.com,,
c5c178ec-3c9a-488b-b956-42ef6636a85b,spillover.ninja,available,9.99,,68,4,10,name.com,,
c5d91ac4-5c98-4d92-bf42-9143e1bbe8f8,beridof.ninja,available,9.99,,46,1,9,name.com,,
c6533107-d580-4154-af8a-128d69709553,mistakenidentity.ninja,available,9.99,,52,2,17,name.com,,
c67b524b-121c-42b7-b16a-7f7fbdae5299,sameoldstuff.ninja,available,9.99,,34,1,14,name.com,,
c6e0eec2-d49e-4073-a81e-420d84f39a86,messed.ninja,available,9.99,,46,2,6,name.com,,
c7dec8aa-fc9e-4125-b791-ad74e1876d6d,swords.ninja,available,9.99,,52,10,6,name.com,,
c8332a41-4121-456d-8c1a-ac44add78d87,proxybullying.ninja,available,9.99,,28,1,14,name.com,,
c9da1326-482b-46e6-81be-843b8faaf9e0,overwith.ninja,available,9.99,,60,1,9,name.com,,
ca6896d4-236a-4f0b-8275-9ace9c9af0c3,scootover.ninja,available,9.99,,66,2,10,name.com,,
cb2d1277-8d85-447f-a0d5-c61f08de5e5d,sidewindow.ninja,available,9.99,,44,1,11,name.com,,
cb379b71-db11-4d76-b516-71f732b4d94f,unsettles.ninja,available,9.99,,43,1,9,name.com,,
cbcae19c-1597-4d9a-9fd2-f5f5bd3e5871,joggingsuit.ninja,available,9.99,,61,1,12,name.com,,
ceab5399-7179-4792-8c06-ca9b8caf3a34,takealeak.ninja,available,9.99,,63,1,11,name.com,,
cfba6d4a-709d-48b1-8289-d3a7df7f34a3,blewagasket.ninja,available,9.99,,34,1,13,name.com,,
cfe70bd6-81b4-4602-bcc1-4c38ba993e5f,gonuclear.ninja,available,9.99,,68,3,10,name.com,,
d048c35c-77ff-4e71-9aaf-240bb5b3040d,salts.ninja,available,9.99,,56,7,5,name.com,,
d118d0b0-a333-4bb1-ad04-a5c6d27f6140,IamHIVpositive.ninja,available,42.98,,44,1,17,namecheap,,
d3177d06-d8e2-430a-8a42-69de6ec7cee5,shoveover.ninja,available,9.99,,59,1,10,name.com,,
d3d994f6-1e48-431c-94a2-fa65f1d3c592,smashdown.ninja,available,9.99,,58,2,10,name.com,,
d3de7e6d-4a61-495d-ac25-f78d8ce34632,nauseousness.ninja,available,9.99,,58,1,12,name.com,,
d7f497c4-31fe-4760-aaba-69aea345f18d,ghosts.ninja,available,9.99,,48,14,6,name.com,,
d8722331-dc43-453a-a450-58129cee7e67,Ihavecancer.ninja,available,42.98,,44,2,13,namecheap,,
da923814-2058-46b0-9725-05814bb3d3dc,videos.ninja,resell,,,52,30,6,Dynadot Inc,16/02/2026 17:00,16/02/2027 17:00
db8acbaf-ce8d-4656-b587-dfb25f3a4274,midlife.ninja,available,9.99,,74,11,8,name.com,,
dbd47c3b-5636-410c-a797-40735ac0f4b7,oranything.ninja,available,9.99,,44,1,11,name.com,,
dd941919-455a-4ee6-96c4-5d101322cb5e,gobust.ninja,available,9.99,,68,1,7,name.com,,
de84f7f8-29bf-4e36-b150-9d3bf876aa80,mobs.ninja,available,9.99,,42,10,4,name.com,,
e066c575-ecba-4010-b460-9779e8ab6c5b,BlackWallStreet.ninja,available,9.99,,44,9,17,name.com,,
e0e47860-0c9a-46e4-a2f5-d29cfc8557d5,blogs.ninja,available,9.99,,52,21,5,name.com,,
e145cf90-3a2b-4c47-96cc-ce95fa688870,somewhereelse.ninja,available,9.99,,60,3,14,name.com,,
e36d82cc-24ae-47b4-8405-ab0dd67a9f1f,howthedevil.ninja,available,9.99,,40,0,13,name.com,,
e41d7260-bd3c-4e54-8e4f-b17fc04b5584,risks.ninja,available,9.99,,43,10,5,name.com,,
e6a3e4af-e250-4ce3-b87b-545c69116fab,gettheboot.ninja,available,9.99,,70,1,12,name.com,,
e6e89056-264d-4ab5-bd64-0380799c7512,filesize.ninja,available,9.99,,64,2,9,name.com,,
e710a2bd-13c1-4742-9c29-ebc09985f5f1,razorburn.ninja,available,9.99,,60,1,10,name.com,,
e7eecfa5-48b5-44da-8e09-d14111dc64ce,disobedience.ninja,available,9.99,,64,3,12,name.com,,
eabca598-2031-43d7-b859-966786bf4d07,uptoanything.ninja,available,9.99,,52,1,14,name.com,,
ebe10502-56ac-4a7a-aedd-bd98dc69e2d9,wars.ninja,available,9.99,,48,10,4,name.com,,
ebf72cb7-f76e-4395-a7d9-ed5cf1182df7,rivals.ninja,available,9.99,,48,20,6,name.com,,
edcd7eec-582d-4b84-8628-0bc17ae76e86,sexualassault.ninja,available,9.99,,43,3,14,name.com,,
edde6dae-9c16-4cb4-a883-6eeabbb48206,hangbyathread.ninja,available,9.99,,56,1,16,name.com,,
edf2aeb3-fdf6-4b3a-8bc8-25525a925088,OpiumWar.ninja,available,42.98,,52,1,9,namecheap,,
ee62f9be-f7e8-4f9c-8337-d64c6ffd25f3,deeplearning.ninja,available,9.99,,74,23,13,name.com,,
eee4db8c-5482-4585-9719-22bf27e62fd6,gobankrupt.ninja,available,9.99,,68,2,11,name.com,,
ef71e610-c521-4805-8c50-22562745e584,counterterrorism.ninja,available,9.99,,52,3,17,name.com,,
ef81f7ff-f20a-4a70-8e7d-f378e3927157,arrested.ninja,available,9.99,,60,7,8,name.com,,
f1cff2ef-27f2-407b-94c2-5557625ed041,notsomuch.ninja,available,9.99,,46,1,11,name.com,,
f341c2f9-8af9-4acc-9be0-c82e63bb5570,gonowherefast.ninja,available,9.99,,50,1,15,name.com,,
f43a7634-4ca4-429a-8c86-226e4e6447f0,pulls.ninja,available,9.99,,52,6,5,name.com,,
f4a679f8-284c-48a9-b07c-e7ae633369e4,thumbs.ninja,available,9.99,,56,7,6,name.com,,
f7ae1164-5845-409e-8fc2-65baf48b9826,filed.ninja,available,9.99,,48,7,5,name.com,,
f9093c38-a205-4c9a-8e33-5995a0f7d7b5,gonegative.ninja,available,9.99,,66,1,11,name.com,,
f93dbbcc-0eb2-459f-9baa-910409f2ffc7,fails.ninja,available,9.99,,46,7,5,name.com,,
fbf9810d-00d5-41bd-8136-f300ec53b28c,paintthinner.ninja,available,9.99,,56,1,13,name.com,,
fda43566-9af4-43c9-a7e6-0e97052061ac,dropabombshell.ninja,available,9.99,,58,0,16,name.com,,
fe613578-1b7f-4ee9-b37d-a480879bdb38,havenots.ninja,available,9.99,,60,5,9,name.com,,
fed15259-253d-44a0-bc98-202f195cddb6,diseases.ninja,available,9.99,,40,5,8,name.com,,
6af4e1f0-8325-47c1-882b-0cd8a3257ecc,slowfission.ninja,premium,,,,4,12,,,
b838519e-1e15-4a10-8468-237c7c1ba825,loot.ninja,resell,,,86,100,4,Domain Science Kutatási Szolgáltató Korlátolt Felelősségű Társaság,02/06/2024 17:00,02/06/2026 17:00
40350b35-d99c-4e4f-b9b3-96f0492c9399,guidebooks.ninja,premium,,,46,20,10,,,
9ecfc41f-ae24-42a8-a382-324a5ecbd7da,accentuating.ninja,premium,,,36,12,12,,,
9718120b-f2d0-42cc-b71b-2d3235366171,readthegreen.ninja,premium,,,,80,14,,,
b3be8810-55e5-4a04-9241-1c0fb4913465,shavinglotion.ninja,premium,,,66,72,14,,,
bf139909-e797-42d0-b038-366494b348a1,flashbacks.ninja,premium,,,38,40,10,,,
f474f3fe-6e5a-4f05-b9a6-cf334e3c54e0,positio.ninja,premium,,,,8,7,,,
39ab5ffe-ddd5-47e7-98f8-d43b183f013c,UNTCOK.ninja,premium,,,52,72,6,,,
d1804d48-e1aa-4f56-8ff4-0b9bc7fae30b,tiramisu.ninja,premium,,,60,84,8,,,
decfc394-8ef7-42e4-9fee-1ef1933c0375,cantaloupes.ninja,premium,,,34,12,11,,,
a7a666b0-b9f7-47dc-a018-10fdb736bc03,calibres.ninja,premium,,,42,8,8,,,
c1986cee-b2d9-47c1-906a-6d60622a8863,prams.ninja,premium,,,,16,5,,,
64df48d1-1d9f-4129-ab80-afd53e310003,lengthener.ninja,premium,,,56,72,10,,,
0267ba5f-fb46-48b1-b9ae-84d84b6d1236,halfassed.ninja,premium,,,52,1,10,,,
9bf5fb2a-89d3-485a-b73a-13c922bbe280,smoot.ninja,premium,,,52,80,5,,,
3a93218b-06ef-407b-87c7-3594effaf30b,takeheed.ninja,premium,,,,76,9,,,
8054ce31-e7c5-4f2b-8b32-1b61998ce0ed,gramatom.ninja,premium,,,56,72,9,,,
f25148f3-0499-41af-bfae-d1f6fc58a8b3,spacevehicle.ninja,premium,,,58,72,13,,,
1b3624c8-111a-4eeb-a493-cfaacd007d88,unmistakeable.ninja,premium,,,56,72,13,,,
63178ca2-a827-466c-98b8-be0637ab1879,clientstate.ninja,premium,,,56,76,12,,,
f4a86ca1-2a46-4466-8bf8-65ed73106cfe,reticular.ninja,premium,,,57,80,9,,,
ac4688c1-fe87-4399-9794-b247a5b3f527,pfc.ninja,premium,,,60,88,3,,,
02df479d-3c61-4fb0-ad90-dded43f06980,designdepth.ninja,premium,,,58,76,12,,,
8a61bed6-52c1-4c77-b95e-98de968396fa,blowoutsale.ninja,premium,,,62,72,12,,,
1ab8a08e-72f2-4f27-8d56-d5f94bfcb8aa,vowelharmony.ninja,premium,,,,72,13,,,
4287b562-b604-4520-a3c4-9d3ecec129aa,footballfield.ninja,premium,,,68,76,14,,,
8fb241d2-9994-40fa-9cd9-8191b1669922,esports.ninja,resell,,,78,64,8,"Sav.com, LLC - 26",31/10/2023 15:15,31/10/2025 15:15
71653d41-8b1b-4365-b5c1-fb6566aa760f,specialops.ninja,premium,,,,80,11,,,
06289056-8e9a-4387-b7b9-d91f6b7fc629,hyperspace.ninja,premium,,,76,88,10,,,
98bd6849-dad4-4c41-b8c9-c9ac1b4ffc76,standtogether.ninja,premium,,,,80,14,,,
c5c42a8e-5db3-4d39-9708-f6fa67776de3,caffeinated.ninja,premium,,,60,80,11,,,
46e81df4-3573-4ace-a8f0-31f1d946caac,authorized.ninja,premium,,,70,10,10,,,
6f724cad-668c-4bc6-bcca-5899d38c1aef,separability.ninja,premium,,,52,72,12,,,
cada021f-de42-4992-a4b5-40f9bc3802c3,butylboronicacid.ninja,premium,,,54,72,17,,,
941129dc-fc6d-47b6-8a3d-1cf873cbde77,resubmit.ninja,premium,,,64,72,8,,,
ff9d584e-46d1-4227-b223-ff7be6ff0e53,minuscule.ninja,premium,,,78,4,9,,,
5f46a1c7-a84e-4fab-b85f-0dd1eeeeac2f,finalact.ninja,premium,,,62,72,9,,,
fbac9c84-fc8f-4bec-a1a1-5654bd8d34c5,communication.ninja,available,42.98,,54,80,13,namecheap,,
9abd4351-8348-4d5f-b3df-dc092ce06b74,mangelbeet.ninja,premium,,,54,72,11,,,
99490632-34c9-48d6-b888-d59389d842ff,themepark.ninja,premium,,,70,80,10,,,
a9b35470-1a5a-4f72-8b73-9d101c8a7daf,NewChurch.ninja,premium,,,,84,10,,,
6016089e-44b6-435d-88bf-8896904c42df,snuggles.ninja,premium,,,,36,8,,,
760c8c0a-6471-4005-9867-a48c75b4948d,brushy.ninja,premium,,,54,76,6,,,
4ba35477-a7da-4fc8-be3a-3b54ab5c0ef6,aweigh.ninja,premium,,,38,2,6,,,
72e6075b-ffeb-46b5-892f-7731342f54be,basketoak.ninja,premium,,,52,72,10,,,
402916ca-8337-4e7e-be84-45293698b6e1,toproper.ninja,premium,,,60,72,9,,,
17d410c6-5244-4d32-84fb-3a0d5040f757,fiance.ninja,premium,,,89,76,6,,,
9c472d63-8901-4b56-b52c-cc7f432672a7,ginkgo.ninja,premium,,,64,80,6,,,
0383ca31-f457-4705-be56-15955243d9a3,upandabout.ninja,premium,,,,1,12,,,
569c7c3a-afc2-4f84-b136-b48fc10dbafa,bestpractice.ninja,premium,,,76,13,13,,,
30a18f62-699c-4c65-9e8b-7acdad6518f4,sparking.ninja,premium,,,62,80,8,,,
c74fdbcf-e93a-48b1-b7c1-4a78d3170033,sacked.ninja,available,9.99,39.99,56,5,6,name.com,,
39a97cd3-102c-44b9-ab68-a636023c3fe8,IndianOcean.ninja,premium,,,46,88,12,,,
48c180d9-c150-4438-ae8e-23b5a3203fa1,grouping.ninja,premium,,,84,4,8,,,
4bdff0df-a9ba-4b59-9aab-b384124270e5,medicaldoctor.ninja,premium,,,70,76,14,,,
5041d2d2-6f41-4256-872c-2b9e538ab3f1,speedily.ninja,premium,,,56,76,8,,,
d41daec1-051e-4f98-90fc-31ae2c52d30c,Lordrector.ninja,premium,,,52,4,11,,,
0778a753-ec46-4838-b659-0fa008b0cca9,spruces.ninja,premium,,,,12,7,,,
43b6d53e-bb1a-4106-bbde-9a7fb8a9a208,nomnomnom.ninja,premium,,,80,5,11,,,
575b332a-741e-49b7-bde4-ac9de97a4dfd,gman.ninja,premium,,,58,80,5,,,
5e8053bf-b6a5-4db2-8b01-e0494fda701e,prickup.ninja,premium,,,60,72,8,,,
3e360275-b941-42ea-9c2b-9c86267c6ead,deuterium.ninja,premium,,,52,84,9,,,
31155eaa-bb0e-4ae7-b5b1-a2c8e68ff652,fervidly.ninja,premium,,,46,72,8,,,
ab2385e0-8f02-403b-bfca-2fd256b70584,popbottle.ninja,premium,,,56,76,10,,,
17f586ec-06e2-4924-9d2a-e44e42dac07e,sendaway.ninja,premium,,,64,72,9,,,
1c012664-b7c8-4bf4-a80d-c1119ceea5a0,multilevel.ninja,premium,,,52,80,10,,,
6401f647-d45f-4c55-9d1b-7c4769af6bfd,holidaypay.ninja,premium,,,64,76,11,,,
d3f4c715-52c8-41c0-8f83-bc52f5386215,swept.ninja,premium,,,62,72,5,,,
9696f11a-97ea-40a3-9e5a-ce4550b50bad,anubis.ninja,premium,,,48,80,6,,,
8cea88b9-3897-47b0-9c5c-987edb015245,floorgeneral.ninja,premium,,,66,72,13,,,
c9e4b8e3-ecb0-47b2-be9a-c6b435202980,squeaked.ninja,premium,,,,12,8,,,
0db5836b-f89d-41d0-a1d2-1b693c8b2dbf,messageing.ninja,premium,,,34,8,10,,,
e8126229-2198-48a5-aff2-f3e12ef9957f,audition.ninja,premium,,,82,88,8,,,
f1adbbbf-6d71-4946-ac42-f732a6b4772e,photojournalist.ninja,premium,,,60,76,15,,,
14537c01-0c97-4245-a199-f31d2962b90b,buttertart.ninja,premium,,,60,72,11,,,
0ac31fca-4950-4ee7-8d7d-42c91c8301a9,enigma.ninja,premium,,,54,96,6,,,
eb4d4e90-eca8-4b50-bb02-9c4022c7c1bc,CrownCourt.ninja,premium,,,40,72,11,,,
47cb4940-c7dc-4687-978d-4eb277392a54,roadsideverbena.ninja,premium,,,54,72,16,,,
8eac82d1-4df5-4403-bb69-c14dbaaf3d22,keeprank.ninja,premium,,,58,72,9,,,
defaa194-384e-4440-999b-0a9a3b9c7695,ChesterCounty.ninja,premium,,,46,20,14,,,
f726c980-4eac-46e5-a4f4-82a81d85e46d,largecharge.ninja,premium,,,40,4,12,,,
0920f0b7-2041-41de-877b-e31b47dba5d8,bravura.ninja,premium,,,80,84,7,,,
9ef75516-0412-4d67-9f5b-5052cec2a9f7,Stephie.ninja,premium,,,52,84,7,,,
79d0d2c7-2e71-40d6-af8a-7f592e6d1e7c,mottledpetrel.ninja,premium,,,32,72,14,,,
7cf2b3d2-9c0d-4b7d-904b-2f6a96ac84bc,acai.ninja,premium,,,66,88,4,,,
edf6507f-5f66-4461-b2f8-bd971a97ad40,generosity.ninja,premium,,,68,84,10,,,
5161dd8a-29d3-4726-9576-d5ac756cdef0,eyecolour.ninja,premium,,,66,72,10,,,
91b8dd3a-1868-4f45-9fda-0e51a94c915b,hardliner.ninja,premium,,,54,80,9,,,
69e2bb5d-6194-4e34-9ac6-c8b813357343,AfroCuban.ninja,premium,,,58,76,10,,,
f862f21f-78bf-4ba7-9409-b2a127cf3bc0,launchsite.ninja,premium,,,56,7,11,,,
9330901f-8908-44d2-b56f-2e8c6dcb2fd9,linguine.ninja,premium,,,58,76,8,,,
939cf7f1-7ad7-4a8b-a9f2-d8a7f2bc9ee0,chloroplast.ninja,premium,,,62,72,11,,,
caf09d68-51d5-4265-b478-9c25cff9fdea,intheworstway.ninja,premium,,,50,9,16,,,
6aa81213-5c25-4767-8ce6-207a480b37b7,behindthecounter.ninja,premium,,,58,20,18,,,
c63db6ec-e8da-4eb8-ad60-83e3913db3ec,GermanEmpire.ninja,premium,,,56,1,13,,,
0ca8afaf-77f0-45fd-ab9c-e99ca033ddb9,overcoat.ninja,premium,,,80,80,8,,,
d40bc7aa-b676-42d1-8c0d-ac02cf69cd74,headscarf.ninja,premium,,,72,76,9,,,
0e737c74-c9ba-4f69-aca3-8957c0c0439f,splashscreen.ninja,premium,,,58,72,13,,,
328e6bb0-552a-444d-bebc-78245df27696,laban.ninja,premium,,,58,92,5,,,
7fd85632-2bd7-4482-8b04-39ee3021bf88,teachinghospital.ninja,premium,,,66,72,17,,,
db1114fd-9cdc-4fe6-8ec6-4c8feafc1c5f,hardest.ninja,premium,,,38,16,7,,,
87d20c44-aec1-4189-957c-922f90824ce6,talkischeap.ninja,premium,,,55,80,13,,,
1d895e54-5008-4597-beb1-6dab50ba2755,handtowel.ninja,premium,,,66,76,10,,,
4333eefd-e037-4534-9df0-c604a3e25f0f,hookon.ninja,premium,,,70,80,7,,,
3213422d-6ea5-4a9e-8e46-4c24c4dfe286,gyrfalcon.ninja,premium,,,58,80,9,,,
48283331-53cc-4989-bb46-468963cb7c44,ignitioncartridge.ninja,premium,,,38,4,18,,,
dd54770f-284e-4e94-8837-62842b325f94,grandpas.ninja,premium,,,64,28,8,,,
60f09315-7c01-4a58-969a-94e1e24bd0df,anticipant.ninja,premium,,,60,1,10,,,
59f14a71-56fb-46fd-bd20-13e6e22f33a0,ManxGaelic.ninja,premium,,,56,76,11,,,
584bfa26-2b40-4b83-b7d1-95dbc9f7513b,impermeable.ninja,premium,,,54,80,11,,,
bc9cb691-5178-468f-b0c6-f71b2a078c1f,basswood.ninja,premium,,,52,76,8,,,
65b0790a-d4b7-456d-9d05-a22f613ea2c4,bodymodification.ninja,premium,,,60,72,17,,,
6204a520-317d-45bc-9624-1c66f36def76,goldblocking.ninja,premium,,,40,72,13,,,
57da9a09-eece-421c-82ea-b0d8607b9695,strewth.ninja,premium,,,62,76,7,,,
f629a8c1-ad0e-469d-a12e-9210c7f820c5,civically.ninja,premium,,,46,76,9,,,
b1d9a9ed-b57b-4638-8ab6-168a3a08a0af,epayment.ninja,premium,,,68,84,9,,,
e5a96f17-400a-4f65-922b-c008c84dcc30,restricted.ninja,premium,,,62,12,10,,,
1466cd12-a861-4d46-a2d2-686dcd5a9e74,newness.ninja,premium,,,68,72,7,,,
ac85c661-8afe-4eaa-b749-c6b9006c4516,radiotherapist.ninja,premium,,,52,72,14,,,
d674ab4e-4b6b-469f-ae0e-f9d182db96c0,roastlamb.ninja,premium,,,52,72,10,,,
35202c05-a58a-45d4-b4ce-80bd64a13dc1,somethingsomething.ninja,premium,,,62,88,19,,,
04f375c5-9137-4044-8822-7e5192cbfc6d,herbivorousness.ninja,premium,,,54,4,15,,,
a89f0b72-d91d-43a7-b113-43bce222dde4,taillight.ninja,premium,,,56,84,9,,,
c2f375be-f2a4-4ed1-9846-41bbf598052e,makelove.ninja,premium,,,84,10,9,,,
af7c9b33-aff9-4b70-838d-ca6dda2633df,tupping.ninja,premium,,,,12,7,,,
7d8e758e-7afb-41d8-aa80-1969a153a419,contemporaneous.ninja,premium,,,50,72,15,,,
89af3a80-bf16-4af1-b9d3-9c61710b9e39,pincerattack.ninja,premium,,,52,72,13,,,
75418388-d989-41b1-b768-5956a59fdbe3,DeerLodge.ninja,premium,,,48,76,10,,,
7fbc89a0-d7fc-4764-8311-4eade487dc73,thee.ninja,premium,,,60,15,4,,,
0f1816a2-40d1-445e-98cf-d16159613f69,molokai.ninja,premium,,,56,88,7,,,
71c79f9d-dbda-4eb3-8775-de57816c8bf8,dotlike.ninja,premium,,,56,76,7,,,
6e752b8e-4d6d-470e-aee7-ed50cea5506c,chaldaea.ninja,premium,,,50,72,8,,,
1dae34b9-42bf-4e2a-84bb-27165adf29c9,degreeoptimal.ninja,premium,,,36,4,14,,,
fb04f61e-ce54-4808-aaec-1d7744ce1d57,Greekactive.ninja,premium,,,52,72,12,,,
d815fe52-d306-47e6-8ccd-48910be239bb,fleeces.ninja,premium,,,48,12,7,,,
3abf9150-e1b8-4214-9962-2965a27cd2b7,invested.ninja,premium,,,44,52,8,,,
cf944692-9a43-414e-982b-dadc82a07e6c,ifc.ninja,premium,,,50,84,3,,,
c3c22e51-59c9-4d3b-abd5-67df8d5714a7,scruples.ninja,premium,,,66,80,8,,,
9e86ef57-9581-4f20-bda1-86a832532203,doghouse.ninja,premium,,,60,84,8,,,
7bbc510a-da24-4861-8a95-5b1ff6aa8f2b,bloodsample.ninja,premium,,,70,1,12,,,
42426c08-2e6a-4ef0-aadd-c3e6d0b5fdeb,assortment.ninja,premium,,,66,68,10,,,
6d9ee4cc-dfd1-4869-a27d-a59e978de77f,boxletter.ninja,premium,,,38,72,10,,,
fd019c71-b621-45c8-a41d-47e84b2e439d,adventuroussport.ninja,premium,,,64,72,17,,,
2dc0d90b-943c-43e3-9e35-b0641ba3f689,Fosowskie.ninja,premium,,,48,72,9,,,
ae304c06-454e-4cc8-8727-98c4b747d60a,ganglion.ninja,premium,,,52,80,8,,,
8c552d59-f070-49e9-a3dd-54be8a4305cc,flavoroftheweek.ninja,premium,,,60,72,18,,,
2f858ccb-7cb6-45a7-a794-fcbfadce87fb,Javasparrow.ninja,premium,,,60,72,12,,,
8a15fcb6-a5ed-46d4-b941-054e074d5f59,fadeout.ninja,premium,,,52,48,8,,,
27ad2e65-f7b3-4903-8b41-a75c39e0c7a6,expatriates.ninja,premium,,,46,16,11,,,
de1e0bce-ebde-4afa-9319-48d0bdf5267b,asfor.ninja,premium,,,46,76,6,,,
afa8bf33-22f7-455b-8ca0-f5e1c986a4a3,bodyspray.ninja,premium,,,60,68,10,,,
3b87aa45-b980-4504-a342-51df75571178,classaction.ninja,premium,,,54,80,12,,,
33823238-75c6-444c-92af-415cfb62adc7,plantation.ninja,premium,,,62,76,10,,,
74662b30-37cb-4fac-b5ad-1a2f27f749cb,construes.ninja,premium,,,38,4,9,,,
c2bdf58f-fd80-4a0e-a2b0-e748dc233153,splicing.ninja,premium,,,56,80,8,,,
9558d3f3-930a-4d57-b301-044e4ebd0eb0,rabbittooth.ninja,premium,,,,72,12,,,
12d9a906-65fd-4bf1-9005-7683f0a2bfb8,hospitalship.ninja,premium,,,62,72,13,,,
8dc8ff54-e2ba-403d-9bda-9f6b23ed3f35,alternately.ninja,premium,,,44,76,11,,,
15996cd5-b5ff-4f90-baca-50364ccee302,generalanesthesia.ninja,premium,,,56,76,18,,,
0a6d7975-fc35-46d8-b2c9-1ee9082897ad,HolyMotherofGod.ninja,premium,,,82,72,18,,,
0f39c43b-0875-4084-a9e3-32016c64fca2,nonolfactory.ninja,premium,,,,4,12,,,
b80fe099-3143-4e13-9ffa-863cba947ab5,hadaclue.ninja,premium,,,46,4,10,,,
4ec8765c-ab82-4138-8471-6a8268a89622,appreciatively.ninja,premium,,,48,72,14,,,
5a6317de-bb57-40d0-ab78-db13b140b791,newnormal.ninja,premium,,,58,80,10,,,
d1175f6d-0f99-4240-bad4-8874479c39d0,Americanpancake.ninja,premium,,,62,72,16,,,
1e85446b-35d6-4346-8eff-ec46ee619179,mincepie.ninja,premium,,,76,2,9,,,
84db393a-7228-4383-823c-ea6968cea7d8,singleissue.ninja,premium,,,48,72,12,,,
1ea26207-8ee9-40c7-8ff1-b255d9dd5999,Stennian.ninja,premium,,,62,72,8,,,
9fb44498-37a2-4bba-a9e3-0fd24c826d04,airy.ninja,premium,,,70,9,4,,,
a2aa0f43-0fa6-4090-af70-56f66231c8ed,federalsubject.ninja,premium,,,40,4,15,,,
0c74dd12-46a9-46ea-82d4-86da666a2907,twoup.ninja,premium,,,,76,6,,,
74524b7c-8320-48b3-8d12-d002c87a357f,thrown.ninja,premium,,,64,5,6,,,
c1032940-7bd5-4ee5-a0eb-ded35edd7e23,patrolwagon.ninja,premium,,,,8,12,,,
7602fdc0-2633-4179-a9e9-9538c40c150f,spinylobster.ninja,premium,,,60,72,13,,,
817ca2a4-c3c7-46fa-a890-6cb18daba6af,Stanardsville.ninja,premium,,,48,72,13,,,
eedacbd0-54b5-48ec-886a-b9b6e06dc1e6,abbotcy.ninja,available,42.98,,56,72,7,namecheap,,
68c62498-11e0-40bf-a5ce-7410e267db6c,rosario.ninja,premium,,,52,80,7,,,
2e6a9394-ad19-42f4-9da1-b42f065005f7,sexflow.ninja,premium,,,,76,8,,,
7ab10543-0041-45c4-b2c5-c3fa5018dc10,middleyouth.ninja,premium,,,52,12,12,,,
477d8b8d-dff3-4cd0-88bb-c1aca615748d,rebelled.ninja,premium,,,,28,8,,,
0ac2f189-bce9-4f60-bea6-8d6e08f615d5,getouttahere.ninja,premium,,,56,72,14,,,
aad361cf-fd63-43be-b291-0f66e34858c5,unrestrained.ninja,premium,,,54,76,12,,,
223833db-a736-47fa-9e51-e6862c8669af,handdown.ninja,premium,,,,5,9,,,
b7aac0ad-302e-4996-9210-1365cfc22982,supersaurus.ninja,premium,,,58,72,11,,,
93a6c82b-a7ec-4b44-8629-57135004b1a1,twostrokeengine.ninja,premium,,,58,72,17,,,
8c089dd7-3ec9-4b0d-b48d-d40676106f7c,albuterol.ninja,premium,,,58,72,9,,,
35e12f49-379e-443a-badf-53f177bdd72e,embodiment.ninja,premium,,,58,88,10,,,
b7781676-4487-424f-9f6a-b778787edbf4,shipbuilder.ninja,premium,,,54,80,11,,,
7e8a8ee6-ae11-406c-ac3b-21fb7babe674,microstate.ninja,premium,,,54,80,10,,,
909e5e4b-e973-4a90-a756-a741bfe1ee97,offair.ninja,premium,,,62,80,7,,,
9346a3f3-8708-4859-a812-51542f6d7dda,littlepotato.ninja,premium,,,54,80,13,,,
ecb511d0-619e-4db3-a138-f9b2b567c82f,drumstick.ninja,premium,,,52,72,9,,,
c65bbb68-1268-4980-88c4-0e231544797b,Jerrie.ninja,premium,,,56,68,6,,,
5b7c1e28-3df1-4285-961f-01c71569cd15,freespirit.ninja,premium,,,82,17,11,,,
603b7261-0cb3-43e7-b539-177d1bbc7d5e,AboveDerwent.ninja,premium,,,46,72,13,,,
b968339b-9582-407a-8713-6069dfb59fba,strongrooms.ninja,premium,,,,12,11,,,
0e97c5bd-dea2-407e-bb23-567cec77fbe7,serversent.ninja,premium,,,,72,11,,,
af4775f7-be64-4ea6-a627-ede6834f0e46,removed.ninja,premium,,,62,84,7,,,
ee35f525-f403-4038-bcc8-b46da1c05bfb,gonne.ninja,premium,,,60,72,5,,,
79086e63-36e8-470d-bc68-9168e53c6008,arancini.ninja,premium,,,62,76,8,,,
70e03580-c27c-4551-b4de-f6e4296119c5,echosounding.ninja,premium,,,60,72,13,,,
bd3af77a-502f-4d61-b1ba-7fab4ae56a79,woodsman.ninja,premium,,,56,84,8,,,
d97d8715-f508-4be5-8050-b895b4ef49a4,dependable.ninja,premium,,,82,80,10,,,
34896395-5699-4062-b630-0027b3d0b08d,skydiver.ninja,premium,,,68,72,8,,,
4bb744ac-c98d-4734-b2ac-30e4823ca45c,answerer.ninja,premium,,,58,76,8,,,
b63e0f7e-5071-483c-8f9f-8c81cf5547f9,oracles.ninja,premium,,,,40,7,,,
9f46926d-5b01-4065-88c0-140bddb9469b,antlion.ninja,premium,,,56,80,8,,,
1c32faca-5abd-43da-9778-bbeb4e3e80c5,freeclimb.ninja,premium,,,68,76,10,,,
e7ecc8c6-9185-4685-9d11-b9e068479ec4,definition.ninja,premium,,,80,15,10,,,
19114344-eaba-4557-bdd2-d51cb194a832,Disneybounding.ninja,premium,,,62,8,14,,,
a9d29658-aac1-44a8-b40a-f22cab8239e0,PortChicago.ninja,premium,,,,80,12,,,
37dca8e0-130f-46d2-ac33-6657e55c8bfc,calgary.ninja,premium,,,66,84,7,,,
ed549375-c61b-4ff1-bf9e-37338f0a66dc,smartboard.ninja,premium,,,62,88,10,,,
800fbf9c-23e8-400c-a7aa-c41d766c32a8,beeswax.ninja,premium,,,80,72,7,,,
1166b19c-aa05-490b-872f-0709358428d7,greattierce.ninja,premium,,,32,4,12,,,
f6ca69a5-5f68-40c9-ad8a-8b62101fe29f,goldenbackedbishop.ninja,premium,,,36,72,20,,,
c4204f7c-0a22-4fb9-a285-04c3ddbadf2d,aunt.ninja,premium,,,74,8,4,,,
d3122c79-7c5f-4f29-a43f-82b96d6b7c70,turningboard.ninja,premium,,,,4,13,,,
f538969e-2d6f-440d-847f-675f43577e14,wholewheat.ninja,premium,,,,16,11,,,
3ffe1c51-d54f-4588-8ac5-26b1b93f0c75,NewRackheath.ninja,premium,,,,72,13,,,
e81ab93a-3023-478c-8c82-60a92a2336aa,entertheequation.ninja,premium,,,66,0,18,,,
e4c779e2-0c9a-4a19-b6fa-4ffea1a78127,tractableness.ninja,premium,,,,8,13,,,
87155680-440a-433a-8402-fbed452f9625,smallletter.ninja,premium,,,,72,12,,,
85383dd8-1981-4e4b-9ff0-4a60b892eb3c,backspin.ninja,premium,,,76,76,8,,,
ef7d2936-8c64-4606-889d-b9d87ae5a0da,Atlantian.ninja,premium,,,74,76,9,,,
02e0bcf3-6bf8-4372-bab9-5b3a908bab10,bantam.ninja,premium,,,68,8,6,,,
d0be3994-9efd-440c-850f-f43c9bd6293f,wagelabour.ninja,premium,,,,72,11,,,
f83a1a6c-0853-4de5-9a07-06d1e82d94a8,pleasuring.ninja,premium,,,64,76,10,,,
990991ab-5bcb-4ec8-9a8d-53e6539f5b06,genealogist.ninja,premium,,,64,80,11,,,
6b62ac14-b8a7-4206-af1d-b8b221e1241f,maintenancewindow.ninja,premium,,,54,72,18,,,
177d18c6-c0b9-456f-95c7-cecfb826471c,record.ninja,premium,,,58,88,6,,,
9f6104e9-ba23-408d-b1d7-bd0587cca23a,holinessmovement.ninja,premium,,,46,8,17,,,
85771a73-c06c-444d-85dd-497db8d91d63,awakes.ninja,premium,,,52,28,6,,,
69e92a28-78c3-442e-9939-9991ca63df48,completion.ninja,premium,,,78,8,10,,,
89b8b7b5-6912-49af-87db-d97f1e3ee7ed,SAAF.ninja,premium,,,52,80,4,,,
2deb376d-7871-42fb-a7ec-b6e523e5c2c5,modicum.ninja,premium,,,66,84,7,,,
94a45099-31c3-49d1-a2d9-182e4cbedb9d,identification.ninja,premium,,,62,84,14,,,
4ec44f26-5f2f-4ef5-a10d-c614e6ec6ed6,newsworthy.ninja,premium,,,60,76,10,,,
8fe970d5-7a8b-46ff-9dac-2f4864360dc1,podium.ninja,premium,,,83,92,6,,,
c9d776c5-35a7-4a17-8f30-974bd8777eef,qualifies.ninja,premium,,,,12,9,,,
699aa768-153d-4104-a46d-440ce3637143,dunkshot.ninja,premium,,,60,72,9,,,
31fb24ac-24c8-43d7-8133-c86a115d59c6,Weybridge.ninja,premium,,,50,76,9,,,
01fa55b7-7870-401e-9e10-885e4fba04e2,photonic.ninja,premium,,,,64,8,,,
aa1d1e3e-3263-4815-8d12-f9b75a064213,redeemer.ninja,premium,,,62,92,8,,,
7e174dbc-2cb5-405d-9376-6d41200a12fb,brochure.ninja,premium,,,66,88,8,,,
363a2ae5-95ab-4304-affd-7af9450b18d0,fiftynine.ninja,premium,,,56,4,10,,,
fbbda7b3-cb72-4307-8c87-582b84087f3a,fungshui.ninja,premium,,,54,24,9,,,
24140490-b14f-4a15-8f48-e27212c347d6,Steinfield.ninja,premium,,,48,72,10,,,
5881a4b3-f3e7-48e6-bdf9-e0a5e04e5688,swingingdoor.ninja,premium,,,58,72,13,,,
ee3c4330-6970-4844-a2fb-07fdd638d8b3,sueforpeace.ninja,premium,,,,8,13,,,
32e496b3-50e9-4fd3-a1b6-a51c336db786,biscuits.ninja,premium,,,50,36,8,,,
d11e226f-bad9-4f6a-a647-4085d53954f9,condemn.ninja,premium,,,66,4,7,,,
3501c053-ee24-4d6e-b7ac-d6ea9590ef67,degreecentigrade.ninja,premium,,,54,72,17,,,
8d604032-8a0e-4102-99ee-c36c2f322d9c,safesex.ninja,premium,,,,8,8,,,
dbdf288b-2dec-47b6-8c02-77276877c0f2,Instacelebrity.ninja,premium,,,64,72,14,,,
add679ae-b7f7-4f74-9b06-27e8972e2a82,brandies.ninja,premium,,,42,16,8,,,
35d447bc-e348-4f94-bcfa-e01ee7e161d5,sleepily.ninja,premium,,,46,76,8,,,
eb809deb-e838-4e60-acac-8e72f2f288de,sassing.ninja,premium,,,60,80,7,,,
07426cb2-af18-403e-9c23-ea4144bf30f4,couchmaking.ninja,premium,,,56,4,11,,,
4e7c6b42-2734-441e-8ba2-f909375f94a4,functionalanatomy.ninja,premium,,,36,12,18,,,
4a8d27ff-8166-4d72-9c07-edb029c48e05,granddaddy.ninja,premium,,,,76,10,,,
d3a96e9c-c8a4-4658-b73f-ae4889f03c53,athena.ninja,premium,,,78,88,6,,,
a5f6de73-95ce-43a5-b950-97532a0341c1,avascular.ninja,premium,,,52,1,9,,,
87e6f0bd-3a54-4d7e-bea5-69afb3f31ffe,orbiting.ninja,premium,,,,44,8,,,
f34a11a1-3c9a-4aa6-b6d1-e0fdbd30297b,mansionplace.ninja,premium,,,46,8,13,,,
54d030cf-d7c5-411c-951a-022d084ab393,millscale.ninja,premium,,,54,76,10,,,
b0ca00ec-1666-43e6-a8c3-704bc79420a7,offof.ninja,premium,,,50,1,6,,,
13d34178-849c-4ed4-a3d0-35751262a665,pourquoistory.ninja,premium,,,,4,14,,,
421012cf-5f3a-4773-a1fe-bbb76db4e030,descant.ninja,premium,,,78,68,7,,,
b2d79755-54ac-4161-854f-1b3f6ed04b1d,honeydewmelon.ninja,premium,,,68,72,14,,,
151bdc8d-7467-440a-977b-6ebf6233c2aa,guangzhou.ninja,premium,,,46,80,9,,,
291ad279-fb70-4165-b95d-2e56f60c8af8,shrug.ninja,premium,,,86,88,5,,,
00e0f87a-c504-494a-9df7-44ce02955811,specifically.ninja,premium,,,60,80,12,,,
2c29777b-34cc-478f-92fb-e83b549c3167,freshup.ninja,premium,,,64,88,8,,,
93a16f76-5046-4114-b237-61a7a3adb5be,Tiffanyglass.ninja,premium,,,,76,13,,,
59b7a732-c995-49df-b19c-58baf23e3aff,houseclean.ninja,premium,,,64,76,10,,,
5fd1f9ff-b3bc-43da-a23e-f28b4c20407b,thickandthin.ninja,premium,,,,2,14,,,
24e58095-36f1-4d97-ac18-1b150de51342,babyish.ninja,premium,,,49,2,7,,,
f06d205a-b537-4e21-b58d-b911372ee7d3,tunalike.ninja,premium,,,52,72,8,,,
34e7e5e0-5e66-41a9-84c8-405dd8834afc,pantie.ninja,premium,,,62,80,6,,,
300326d5-d2a2-4602-a9d8-4deac740b785,touringbicycle.ninja,premium,,,64,72,15,,,
c3b376fe-6839-4bee-9fdb-65a2ccfb15fa,basketballese.ninja,premium,,,72,72,13,,,
cb987ce7-69bb-4eb6-b90a-28dcc9918f89,inspirer.ninja,premium,,,60,68,8,,,
993f7060-7d11-4da1-ab09-0039c403c237,grasslands.ninja,premium,,,36,40,10,,,
116b4fe0-a179-4c2c-ac46-609dae0a4f56,elfin.ninja,premium,,,76,88,5,,,
75a70a22-2172-493e-9a09-77030ddbf3da,soundness.ninja,premium,,,66,72,9,,,
5ba69e1f-2f42-49a3-81b2-3603548dbde4,marginalcost.ninja,premium,,,56,72,13,,,
2113dc9e-1534-4fdf-8b6c-2fddf86d0e64,freedomofpetition.ninja,premium,,,40,4,19,,,
e7fbb679-369a-45cf-aafc-4203a9c2f19c,getaline.ninja,premium,,,62,76,10,,,
c35c9e2c-d508-4447-a374-989c74b1a8bd,unscratched.ninja,premium,,,60,72,11,,,
b91c0c4f-64e3-4b91-91c3-9202795e0555,dips.ninja,premium,,,60,48,4,,,
46462ffb-b445-462b-8672-7fabc1488003,chronology.ninja,premium,,,52,92,10,,,
c5ac9cfe-2949-4de9-b768-4c4ff116005a,giveonto.ninja,premium,,,42,72,10,,,
67d236f3-638b-4b5b-b390-65f51ce1af65,joebloggs.ninja,premium,,,56,80,10,,,
1161e0a8-f51b-4c32-ab99-edfd52a4ebd7,heartbeats.ninja,premium,,,48,52,10,,,
30aaabc3-eaf4-4416-b272-b272dc2839bc,Freitas.ninja,premium,,,52,84,7,,,
a43f235b-734c-4f2f-88ed-b2c0908ab19b,inarms.ninja,premium,,,56,72,7,,,
bc10d337-d5f9-43a5-a8a0-f71268153a7f,auditorium.ninja,premium,,,62,88,10,,,
56a5a417-088b-451c-929c-5c5cd01bd7fe,useto.ninja,premium,,,,2,6,,,
31854fe0-b389-4fda-8bc4-5e20169b1cd3,brag.ninja,premium,,,114,14,4,,,
e2445d06-f50d-4f9f-ad4e-6796c79ed227,brotha.ninja,premium,,,68,80,6,,,
8c61660f-6aef-4b1b-a4ee-45357da96d66,animistic.ninja,premium,,,54,3,9,,,
32ce0f29-1eec-404b-9b8e-bcf3ddee03b4,matchpoint.ninja,premium,,,56,96,11,,,
c5ef0b4d-e769-41c7-b791-1dd2a1b7fd7a,lightengine.ninja,premium,,,60,76,12,,,
36eb8ef5-3338-4016-b7b7-b3a84547c2f7,world.ninja,premium,,,88,51,5,,,
a96e4cba-483d-4af1-8f65-6fcb1661248f,nurseryman.ninja,premium,,,58,72,10,,,
07ec0b2c-f069-48f0-be34-dec95539a57b,farmmate.ninja,premium,,,64,76,9,,,
725b19d2-1272-4d48-bd4e-8cf3a380501d,mainbeam.ninja,premium,,,36,4,9,,,
d410b2ad-bbf2-4d2d-a68e-d185d3a2acfe,divingloop.ninja,premium,,,41,4,11,,,
29ce7e7a-38cb-4ff7-8cad-7cd59fef1841,reuse.ninja,premium,,,94,88,5,,,
476da83f-b264-4ed7-b92d-badc7bbd7af9,palatable.ninja,premium,,,62,72,9,,,
e0951c4f-01a5-417d-a372-71bc17eaaf01,buttonquail.ninja,premium,,,54,72,12,,,
e018940c-2928-465b-93e8-926eef6854bc,spinel.ninja,premium,,,60,80,6,,,
23d346c0-405a-42eb-acff-da3014c75a33,bookpiles.ninja,premium,,,60,72,10,,,
8e7b452c-76a8-4892-9b01-24f0e6ffff6d,varicolored.ninja,premium,,,,8,11,,,
f8708dcf-6cf7-4396-9fb8-6857ba506e3a,strokesman.ninja,premium,,,,72,10,,,
16a418e2-fcc0-441f-a070-92147ebc0c71,emphasis.ninja,premium,,,68,92,8,,,
777f207a-bca4-44a8-ad3a-2651c09c4de2,wellversed.ninja,premium,,,,80,11,,,
747ffe94-d30f-4cad-a24d-137311f0d6b2,Auki.ninja,premium,,,54,84,4,,,
0eaf13d4-8eac-4406-87e2-646cee2edde7,naturaltrumpet.ninja,premium,,,58,72,15,,,
0f3fdf68-71a3-469d-b979-00d35fb65132,multibillion.ninja,premium,,,,72,12,,,
30398f2d-220d-4d48-8b73-ba481d955f76,acold.ninja,premium,,,51,2,5,,,
eb7b72af-cf1c-4a9b-be63-ec985637d4e9,icefree.ninja,premium,,,50,76,8,,,
7ebf2dd4-32f6-40b1-9111-e9824a121412,overandout.ninja,premium,,,70,76,12,,,
f78be0a0-01d5-4c79-8a14-d115e239f433,runawaybride.ninja,premium,,,58,72,13,,,
215a4f8f-5928-407a-b568-28da40703c93,hymnodical.ninja,premium,,,44,4,10,,,
960d91d8-b935-47b6-bf02-a210cb97c5cc,performer.ninja,premium,,,68,88,9,,,
3961da93-d130-4d67-ae97-19384d5cb2e3,Condorcetmethod.ninja,premium,,,58,72,16,,,
0010854a-6ecb-409c-ba5f-f63f3f112be6,Whitelegg.ninja,premium,,,50,72,9,,,
d1e4f4c7-fe16-41c7-940a-20d3f89b0b80,dimedropper.ninja,premium,,,54,8,12,,,
9bcaa2eb-2ab8-4394-bfec-bb92862ddeb9,fetchingly.ninja,premium,,,56,68,10,,,
7df296eb-becd-4931-a1a6-f1affe6456ea,Puget.ninja,premium,,,52,76,5,,,
4301c904-5df1-4943-ba16-95335b0b35f7,soberup.ninja,premium,,,62,80,8,,,
04ea5879-494b-4924-93ac-0c57f9fbc2e8,gnostic.ninja,premium,,,60,80,7,,,
310716fb-c613-402f-9521-19b7c907a1a6,mare.ninja,premium,,,63,76,4,,,
4360d3a9-f2a5-43dc-bc8c-f1f7eb4c1bf1,bookish.ninja,premium,,,60,80,7,,,
75e25949-d949-4e9c-9d54-0f9bed0eae86,pastabake.ninja,premium,,,62,72,10,,,
1664bdd4-0280-4ffd-a39e-2eb0f17521d5,variant.ninja,premium,,,78,92,7,,,
4300f6c8-cec1-4392-8ff6-b59a21a24448,twentyfive.ninja,premium,,,,72,11,,,
4839b326-2da1-4206-8a9a-8bf6dd6cb5cd,MotherTheresa.ninja,premium,,,68,72,14,,,
34f7e864-1398-4927-be25-bf0ea0761be9,spaniard.ninja,premium,,,56,76,8,,,
0d1d8155-26c7-453a-ac4b-b9ccd6b2c22b,Ellerslie.ninja,premium,,,44,80,9,,,
d0e96c89-1095-4371-a12c-0f0c978af4bd,zonein.ninja,premium,,,,28,7,,,
00ae35c1-a6b8-4c9e-b281-65718ed5e0ff,skyrocketing.ninja,premium,,,,12,12,,,
07a9be40-6b55-495c-a654-7c66b451974a,torturous.ninja,premium,,,48,1,9,,,
2b4137f7-a368-4dff-8bb7-8dceef51be37,XXS.ninja,premium,,,,36,3,,,
6aa7e8a0-c2ae-411d-855b-6ee6a882199b,newline.ninja,premium,,,62,96,8,,,
ec606b35-a4e6-4a93-ab14-543f6b88942f,mri.ninja,premium,,,86,80,3,,,
e6753ffd-2cd8-4489-8a37-dee2c99fb04b,waked.ninja,premium,,,,80,5,,,
edcb33b3-b573-4cd6-b25d-b8923c18af63,DivineMystery.ninja,premium,,,51,72,14,,,
594fa061-26e2-4c99-baa5-65fdcfe40063,doublestarsystem.ninja,premium,,,56,72,18,,,
0dea6840-c9e7-49e7-8202-cc38ad71a76b,plebiscite.ninja,premium,,,56,80,10,,,
042a47de-34dc-41e0-a12d-bf12301a6018,polymers.ninja,premium,,,,48,8,,,
2f8ec2e8-1b5d-4692-9681-1022580ab645,hookahcompressor.ninja,premium,,,36,4,17,,,
f5a0e03c-6a77-4b93-8a47-e8fe6580ae64,accresces.ninja,premium,,,34,4,9,,,
01580548-703c-464f-be74-60fe66100a7d,samoa.ninja,premium,,,76,84,5,,,
3cfa6509-a368-4533-b587-2da6cd1c6703,fisheyes.ninja,premium,,,38,24,8,,,
dc134cde-2580-4173-b6a2-c77306f17930,blackheadedgull.ninja,premium,,,60,72,17,,,
8df05e71-3a3a-4e05-958e-4aa7105403b7,Hallie.ninja,premium,,,54,76,6,,,
d1589695-bfaf-4366-b26f-47adc92eceb4,hamsterwheel.ninja,premium,,,76,76,13,,,
4b5ef412-6407-4f3e-b637-e22b9e46c2e5,gondoliere.ninja,premium,,,66,68,10,,,
33780d7e-2bb6-41be-8745-9fedef3b400e,tracy.ninja,premium,,,68,18,5,,,
10f0b3fa-d629-4cd9-8ab9-faf07a43ec21,sashimi.ninja,premium,,,62,80,7,,,
b825edec-e136-4884-895b-6a2fcbae2487,winy.ninja,premium,,,62,80,4,,,
551574b9-97e0-4f4b-b3cb-aacc8e08f119,alkaline.ninja,available,9.99,39.99,88,11,8,name.com,,
8f065d90-747c-43c0-953d-f2320348da4d,budgies.ninja,premium,,,44,12,7,,,
23e68abf-56d5-4f68-8842-f34bd2e645a7,twopizzarule.ninja,premium,,,,72,14,,,
1733ac65-eb76-4393-8662-dcae0bdd57ee,toughbreak.ninja,premium,,,76,72,11,,,
63657011-3c3d-4be3-93fa-bbe12c078c15,shakers.ninja,premium,,,58,80,7,,,
3fc63e8b-8d99-4197-b22d-237fb67663ae,abigailship.ninja,premium,,,64,72,11,,,
37581d7c-81f5-4484-bbf3-67beaf4e3040,divorcerape.ninja,premium,,,54,76,12,,,
e31c8854-fb9e-4cda-9561-a6e073f0e47b,quaternity.ninja,premium,,,54,4,10,,,
f8b92a64-521e-4a90-8a86-6f47c6f65ecb,genially.ninja,premium,,,54,76,8,,,
b2db3855-fa51-4249-b937-d48d586520e7,screenprint.ninja,premium,,,,32,12,,,
9171a9c0-3e5a-4a4c-9ae5-fb23a7d81ae0,emergencyvehicle.ninja,premium,,,56,72,17,,,
70fceae5-ea96-4abb-9c84-139f7a2a9448,autotire.ninja,premium,,,56,80,9,,,
539b4d0d-832c-4a58-80b7-0f200d367de6,storyboards.ninja,premium,,,,52,11,,,
a3ce6023-435f-49d6-881d-be5fbf1a3084,Hobartian.ninja,premium,,,74,72,9,,,
d937fe5e-722a-42a3-924d-29c6dfd210af,resealable.ninja,premium,,,70,72,10,,,
4f1aadce-b714-467b-bd84-34bfe0cb2647,turningpoint.ninja,premium,,,60,80,13,,,
8c5bd942-2a45-47c0-a803-6c90505593c6,accredition.ninja,premium,,,56,72,11,,,
49c5d518-c333-426f-85c1-5f767f16f6e7,classicize.ninja,premium,,,56,72,10,,,
b07377c7-5999-43a5-a4e2-19d6e81c69e6,studybuddy.ninja,premium,,,64,96,11,,,
fb086516-db04-42b9-a440-f5b77d70c541,Gorstian.ninja,premium,,,44,72,8,,,
d41d3951-7e21-4881-b4cc-83ba4094c1af,retrieved.ninja,premium,,,,3,9,,,
05d1da45-7a00-4a6d-86e7-3dba5519ea6d,springgreens.ninja,premium,,,,8,13,,,
2b965e18-6f29-403b-97bf-6cb061738b17,reaped.ninja,premium,,,,12,6,,,
88feb48d-c4a6-4d4d-8cec-c1d368e5d0a7,timeabout.ninja,premium,,,,0,10,,,
6a8b8eac-541e-47bb-9eb3-62be15bc628d,semiconductor.ninja,premium,,,68,72,13,,,
5f7218a3-1f54-4d6f-900c-42e323a2341f,Scotchfillet.ninja,premium,,,62,72,13,,,
d7486e79-4979-49de-928c-7a2b479354ce,fathers.ninja,premium,,,52,28,7,,,
15d979f7-3236-45f5-823e-667e40b2a0d9,articulations.ninja,premium,,,42,20,13,,,
640127cd-d1b5-41da-910e-a66086e8b96c,GreaterUpperNile.ninja,premium,,,52,68,18,,,
5bba1a54-4a8d-44f3-9a44-8fd662b70c6d,poinsetta.ninja,premium,,,64,72,9,,,
cb09dda6-6d21-4454-ad1a-7f77be6f7a9b,liturgical.ninja,premium,,,50,76,10,,,
6f432da8-d2ad-4173-8e44-aa588344c73b,calliper.ninja,premium,,,84,80,8,,,
f8f0608f-ae87-4acd-a897-b259987208ce,timely.ninja,premium,,,66,19,6,,,
07b0a7f2-f945-43fb-b477-f119e6ff76d1,soybeans.ninja,premium,,,,16,8,,,
e38c849c-3531-4214-962e-43a2be259c1b,siddhartha.ninja,premium,,,52,84,10,,,
5918cb73-2db5-462b-bfe3-d89bee6d2758,unchanging.ninja,premium,,,56,68,10,,,
2711c7ec-a5b0-4f79-9692-377ba21a1431,splurge.ninja,premium,,,86,76,7,,,
b3bbd832-0680-4e26-bf44-7a0336a91bfd,sulphurfree.ninja,premium,,,,72,12,,,
91637be6-3500-4983-a4bf-06ba0ef990e2,peroxide.ninja,premium,,,78,80,8,,,
5d0e844d-b85c-442d-8166-965db09dc7b3,nationals.ninja,premium,,,,24,9,,,
4afc8b9a-58eb-4fbc-9d0e-44f3106c7d24,fellowman.ninja,premium,,,66,2,10,,,
1930c087-26ad-4df2-ab0c-1a137c9d14ef,AlphaCentauri.ninja,premium,,,48,84,14,,,
86dcb63a-1e8d-4c61-85cb-1ecf5555afff,bismark.ninja,premium,,,58,80,7,,,
8593c836-9d01-4745-a9a4-5c01d7c673fb,restructuring.ninja,premium,,,64,6,13,,,
4b3fb4fd-230b-417c-bdf1-26cd9b72bab9,bookstore.ninja,premium,,,66,76,9,,,
fa234101-ea6c-431b-980e-7a608c76b269,ContemporaryLatin.ninja,premium,,,50,72,18,,,
5eb1fba6-b5de-4d6b-9196-80a8d1ff7670,undecorated.ninja,premium,,,,76,11,,,
118aa8d4-505f-40e5-9468-55413b01330c,bastille.ninja,premium,,,74,76,8,,,
04e1b930-bd51-4b87-b5f4-0a840d4d4839,telegraphist.ninja,premium,,,58,72,12,,,
197d284a-6190-483f-854f-cd2713a832da,sportsdrink.ninja,premium,,,83,2,12,,,
cd598bf7-b887-41db-af13-95c05f37170e,fortysecond.ninja,premium,,,56,72,12,,,
bd172650-ff37-4263-998e-a25aad8136de,onjob.ninja,premium,,,60,88,6,,,
609e6f64-111a-4a28-9993-4b55a41825dd,Grauliz.ninja,premium,,,48,72,7,,,
5d50e28c-3586-45fa-913b-7e308090c852,inthespaceof.ninja,premium,,,42,72,15,,,
c41dcf37-ea0e-4a81-a318-e7d7597b68e8,charmed.ninja,premium,,,58,10,7,,,
27be19f0-85ad-462d-bbf1-16224af83461,kayaking.ninja,premium,,,70,24,8,,,
81f8aa90-fa0e-4320-a57a-f6cc2bb76c21,demoniac.ninja,premium,,,58,1,8,,,
7cc3fc94-5899-4899-ac01-a3aa84088e83,stationer.ninja,premium,,,52,80,9,,,
503e7f7d-6ca8-41dc-b89e-6e920bc3c23e,coplanar.ninja,premium,,,52,80,8,,,
7ee209ca-976a-4e9e-892a-78b817de459a,circuitry.ninja,premium,,,56,84,9,,,
8d7e115e-abd0-486f-9094-eb88e211f8d3,ironworking.ninja,premium,,,54,16,11,,,
421ad121-48a9-43e0-a5b7-9b334f6e784f,pennybank.ninja,premium,,,62,72,10,,,
2a393d74-3fa5-4e90-a1b8-13e2775305ca,FortOrange.ninja,premium,,,40,8,11,,,
ce4e052a-af3a-4132-a181-3362cc0e8ddb,greediness.ninja,premium,,,56,68,10,,,
b9d25b2a-5804-4a88-8131-e51f31aebfaf,notepaper.ninja,premium,,,,72,9,,,
929aefa8-99dc-4608-bd56-42246f07ff01,parrotfish.ninja,premium,,,66,80,10,,,
9df3d93d-5de3-4dad-b3ff-2c932b662c6a,USBhub.ninja,premium,,,,24,7,,,
3d141ff2-e37f-4406-9ded-c17a122b1463,pokefun.ninja,premium,,,,72,8,,,
22df1374-9602-4ef0-952e-05884c3e9d56,juniper.ninja,premium,,,56,84,7,,,
1ea572e9-9561-477f-a72d-d570d8c3fa58,mechanised.ninja,premium,,,56,72,10,,,
3d408a1b-9408-4f5a-a63f-4217c3adae01,lambroast.ninja,premium,,,52,72,10,,,
d4fbcd2d-5f68-48f5-a5b9-958a28e699ff,precipitates.ninja,premium,,,,4,12,,,
5c8cb6f3-c5e5-4ad4-b331-8a4e758436f5,digitalvideo.ninja,premium,,,66,80,13,,,
c9d6cf8e-897e-42bd-9d03-78121e4a4a14,adventuress.ninja,premium,,,60,76,11,,,
3dc5c58a-cdbc-468f-80df-3649cd89d8e0,Coraline.ninja,premium,,,46,68,8,,,
f444e161-8a10-467b-bf5e-bccbd3e4e746,somebudy.ninja,premium,,,58,0,8,,,
bf3a8ac0-03c3-4394-a014-e4959f56cbe7,realnumber.ninja,premium,,,56,76,11,,,
32c07994-511a-4551-ab29-a047bb5be6e9,hellraiser.ninja,premium,,,56,76,10,,,
4ca850c9-69ca-40a6-b21c-8e9fa937b628,wordfinding.ninja,premium,,,,72,11,,,
a72b1a4e-2e81-463b-993b-8fcb7b37b6c7,therapeuticwindow.ninja,premium,,,58,76,18,,,
3b5abf83-24ec-4c73-8911-c343c5024289,careers.ninja,premium,,,46,60,7,,,
20d63e5b-ece8-4646-900d-8335d0385205,igniter.ninja,premium,,,66,88,7,,,
bc779824-3639-44bd-9669-383a2ebaaf94,subtropicalcyclone.ninja,premium,,,56,72,19,,,
57a3dbbf-4dc0-45c9-bfb3-32d1837b33a1,homebuilders.ninja,premium,,,46,48,12,,,
fa558383-8f5a-460e-8539-a1c148282940,mingtree.ninja,premium,,,56,72,9,,,
60c71c2e-f3b2-4664-bb6d-76e8621d1e00,domainnameserver.ninja,premium,,,58,72,18,,,
f8e067be-bc10-4dcf-9737-f5865aa08eb7,countywide.ninja,premium,,,68,80,10,,,
34405575-c39c-4f10-918d-fed2978ce8d8,aromatically.ninja,premium,,,50,72,12,,,
c8e85d35-9580-4490-9aef-e27c46a9a7b6,commonyear.ninja,premium,,,58,72,11,,,
c65d7ef8-89da-4e43-ac78-886df2191241,covenant.ninja,premium,,,95,24,8,,,
a2d2f832-ac8c-485b-9901-499bece819ae,HolyBook.ninja,premium,,,62,76,9,,,
385dc273-b076-4c9b-8c07-5327e3af0021,mudbrick.ninja,premium,,,56,76,9,,,
879c0e97-9a8a-488c-b9d6-29c92889f0f9,summerwork.ninja,premium,,,76,72,11,,,
d7f0784d-782f-42d1-8479-14256441f843,babybroccoli.ninja,premium,,,60,72,13,,,
9036eb5c-e3ab-47bb-acb8-8fc12474a07d,givingbirth.ninja,premium,,,85,2,12,,,
cd3ed67f-2654-4bba-9adc-b7d04bb8b35a,map.ninja,resell,,,78,42,3,Porkbun LLC,13/08/2024 00:12,13/08/2026 00:12
70e4c842-1955-4b58-8a3e-43ae9567e67f,goldtopmilk.ninja,premium,,,58,72,13,,,
313531e8-c1d5-4988-abb4-b86532753ff1,sediment.ninja,premium,,,76,80,8,,,
189b12bd-e41f-4f0a-8ff0-12e371587aa6,electoralregister.ninja,premium,,,56,72,18,,,
cee38541-d09a-4c1a-92cb-2fc4432f1d72,protegee.ninja,premium,,,60,72,8,,,
33b11424-c2ef-4846-9d81-013bf659feaa,loveseat.ninja,premium,,,62,76,9,,,
ba50e718-0aa7-4bd9-b7a5-1973d38f6ca1,everyday.ninja,premium,,,94,35,8,,,
551f18be-26d4-4716-ac67-3cf1171738fa,chacha.ninja,premium,,,60,88,7,,,
82921553-a733-4aa3-b149-f4d3881f7fc4,Citibank.ninja,premium,,,70,18,8,,,
f1f0ff2d-5553-4740-8d66-756d2f6563a1,bargainbucket.ninja,premium,,,62,72,14,,,
347bcb7c-4728-4200-bacb-33d035da31c5,Europeanwhiteelm.ninja,premium,,,56,72,18,,,
72f65ebd-78dc-4007-bdd4-8e033652eaf5,printwheel.ninja,premium,,,,72,11,,,
26a6dba5-f611-4222-a5d0-c90b26578286,utilityprogramme.ninja,premium,,,56,72,17,,,
c684378a-1b15-4b5f-a211-b86b49c9b565,tornadowarning.ninja,premium,,,62,1,15,,,
561dde11-834e-4848-aa66-e66ab25dedd0,dushanbe.ninja,premium,,,52,72,8,,,
84c2729b-87fc-4bea-a665-a3346142dfd4,durant.ninja,premium,,,54,92,6,,,
f9078506-0283-4720-bcab-af005380ad81,lactometer.ninja,premium,,,56,72,10,,,
3ad7dd8d-2bf4-473e-a73a-0a85168a901e,beachfront.ninja,premium,,,76,76,10,,,
e4ba7225-c8ac-4d69-94d4-a5913dc3c13b,MarksandSparks.ninja,premium,,,56,72,16,,,
31fbf155-051f-42b6-8f84-ecf4b64a65a0,closetoftheheart.ninja,premium,,,54,72,19,,,
5baca893-321b-4f4e-9be3-f4e1aa9809fd,unashamed.ninja,premium,,,56,76,9,,,
dbeba509-a5bd-47f0-b653-2a98250ea17f,seems.ninja,premium,,,,8,5,,,
003c60c1-2ad2-47de-bee3-2ff8b5022f8d,cometotime.ninja,premium,,,64,72,12,,,
fbe26ec9-33c7-462a-8a28-aafaae95b567,guidedog.ninja,premium,,,58,80,9,,,
e6613b6d-a265-43bf-b393-5420049e1dcd,bachelorhood.ninja,premium,,,56,72,12,,,
2281d198-3bc0-45ea-beb3-947027c452cb,nearmiss.ninja,premium,,,54,76,9,,,
c2afdeed-5c83-4ca3-8357-e8d20a5c6359,horsie.ninja,premium,,,62,76,6,,,
3cdbcfd7-d8d4-41f2-ade4-a59d1eb08804,madeinGermany.ninja,premium,,,42,84,15,,,
d94c337b-7965-4914-87a4-6392ac765a1f,salk.ninja,premium,,,56,84,4,,,
a0b6dbd6-c274-40cb-a1b3-12caafe54597,fem.ninja,premium,,,72,92,3,,,
855809b7-d67e-4dbf-83aa-a452883f25e2,goldtipped.ninja,premium,,,40,72,11,,,
31542c13-ad1e-44c5-aa7c-c5a43de4d498,cushioned.ninja,premium,,,62,72,9,,,
ce5c29ed-5b81-4355-9a74-d441dc047188,Natan.ninja,premium,,,,56,5,,,
ba81aa81-9024-444d-b3a2-37016cfff411,svalbard.ninja,premium,,,50,88,8,,,
63befa3d-8dcf-4a23-9cf3-06c172004de7,safetylock.ninja,premium,,,74,76,11,,,
45e9dda5-a5ae-479e-ad47-931890d3a49a,bigheaded.ninja,premium,,,58,76,9,,,
62a1a1bd-4ccf-4ccf-8e9a-6a55a97a39b8,fiveeighths.ninja,premium,,,58,72,12,,,
3390cec1-c2e2-4d55-aef1-2726faae8526,midpoint.ninja,premium,,,54,84,8,,,
2d45b841-b844-4826-853f-4ca2fb36f0c7,immuneprivilege.ninja,premium,,,58,4,16,,,
352f55de-c2d0-4608-9347-61b59dabad46,azotemic.ninja,premium,,,52,1,8,,,
a595774a-1c3d-4fc4-a798-ce8fee5832f5,jinni.ninja,premium,,,62,76,5,,,
3bd77c53-59c4-483b-974a-488f5805f12a,chiropractors.ninja,premium,,,34,32,13,,,
de5a4ffc-138a-4720-8e72-5cb89ccb061f,teeming.ninja,premium,,,58,76,7,,,
fb2a7314-ab92-41b4-aeb6-80e929332e59,donatello.ninja,premium,,,54,84,9,,,
3e21d075-8f47-40a5-bfe0-c8b35dd54ca6,richly.ninja,premium,,,60,80,6,,,
4a06c50e-0887-4afb-93e3-8fdc79fc55fc,counsel.ninja,premium,,,86,84,7,,,
f9204843-5f9a-41d5-b726-9a60123ff1f2,borninthepurple.ninja,premium,,,48,72,18,,,
5539b172-0c76-4277-a4ce-a0f104477e92,utopia.ninja,premium,,,68,92,6,,,
aac61c4d-f160-44e7-a26d-9b0b5471e759,WestCalder.ninja,premium,,,,72,11,,,
9c225ee7-690d-4e02-b98f-8ed463a3d551,betrothed.ninja,premium,,,72,72,9,,,
cc6448e1-9196-447e-a28c-0e5cebdae1bf,foodgrain.ninja,premium,,,58,76,10,,,
ac530987-7269-4a6c-9771-82c627f748ee,religiousorder.ninja,premium,,,54,72,15,,,
3b79528f-876d-486e-b239-cfbc30e6672c,therewego.ninja,premium,,,,2,11,,,
19c5aef0-833b-4314-a6bf-1503a3932977,porchswing.ninja,premium,,,58,84,11,,,
a0ddf968-c967-4151-a2e1-cea925d6e341,cybertutor.ninja,premium,,,60,80,10,,,
2d999c99-9b4c-4787-bebc-44723e7f6435,blurring.ninja,premium,,,56,72,8,,,
80696989-454e-4122-b35a-ef8bfd317576,bigbikkies.ninja,premium,,,60,72,11,,,
0336bb48-ef76-4fb8-a508-af8541a63575,weaponsinspector.ninja,premium,,,56,72,17,,,
5f85a0ce-6da8-4457-a67a-46d9824c8e5d,upperset.ninja,premium,,,58,72,9,,,
44fd7e7a-da6e-4579-8c07-cc81564f2b9a,missionaryzeal.ninja,premium,,,40,72,15,,,
38e49be8-89b9-4b5d-99dd-027c218ef2fb,hotbulb.ninja,premium,,,56,68,8,,,
771a5ab1-f2e7-46b5-bbec-c161c03ffa5b,siliconlike.ninja,premium,,,53,72,11,,,
dd627eae-ad8a-4b1d-a9bf-e3a91477f8fe,mosaicgold.ninja,premium,,,,72,11,,,
ebdfeae2-94c3-4155-b967-5efb642ee87d,capability.ninja,premium,,,70,80,10,,,
7ed323cf-2c40-4a18-a9a9-f4d2ec3ad996,nomdeplume.ninja,premium,,,,20,12,,,
80876d0a-2d2b-4ab7-9869-6680a1c09863,hospitaller.ninja,premium,,,56,72,11,,,
1fcdfbaa-805e-40a1-a4c1-692f9a3e68f3,aquacise.ninja,premium,,,82,72,8,,,
6d718218-fdf6-40a6-9763-6ea8ace05215,divisibility.ninja,premium,,,56,72,12,,,
e96842b9-6234-4416-904e-8aecd22f8a9a,enrolls.ninja,premium,,,46,24,7,,,
1080c7da-0946-42e6-ba3d-28c812abec34,remediation.ninja,available,42.98,,,52,11,namecheap,,
c45e90ca-adbc-41c9-945c-8ae0248eb88f,pref.ninja,premium,,,56,80,4,,,
c94fa73d-42eb-410a-a629-92e5ec974bd2,pumplike.ninja,premium,,,54,76,8,,,
f41fa1e7-b00c-4e4b-80a9-0b1406575039,cheeseballs.ninja,premium,,,44,12,11,,,
a9e5bd47-bd5a-4364-b7e7-272737a30518,backslash.ninja,premium,,,86,12,9,,,
0baaf57b-d844-4aa6-ac37-dd0621bbd583,catproof.ninja,premium,,,54,72,8,,,
9c10dcda-f782-4403-b851-fa015fac0f85,departurelounge.ninja,premium,,,66,84,16,,,
84410c9e-7360-426a-b552-af66713d160d,sentential.ninja,premium,,,66,76,10,,,
64029791-c15a-4d51-8f2a-1d1d568e10b5,freeburgh.ninja,premium,,,32,4,10,,,
e1b78235-4240-4c46-abff-4a1162e5bf32,WyandotRidge.ninja,premium,,,,4,13,,,
e1f407b1-762b-47d8-97dc-4ae6885d8225,geekout.ninja,premium,,,62,84,8,,,
033e0950-34ec-45db-8afe-01b0e26a686b,newmodel.ninja,premium,,,,84,9,,,
8b3e874b-c772-4fe1-b172-8d293f2725cb,keeptooneself.ninja,premium,,,64,72,15,,,
2653d425-33ba-4c14-bc90-0b33580b22bd,osteoblasts.ninja,premium,,,,8,11,,,
fc45f870-53fb-4b91-9a0a-4d880d5b50a2,grasping.ninja,premium,,,68,2,8,,,
bed01ea3-70f0-4fed-b130-b093684002c3,alleating.ninja,premium,,,50,72,10,,,
7687bab7-a20d-4918-bcd3-0f9c620bf678,backtooth.ninja,premium,,,66,2,10,,,
1ca965a5-8b5d-493c-b839-cd6d7817c1dc,NeoshoRapids.ninja,premium,,,,72,13,,,
91fb3d00-b75f-4f21-ac4d-8dda29dcea26,squarefeet.ninja,premium,,,,84,11,,,
f94c8efd-b4f5-4b68-8c0a-998882b138d4,notionally.ninja,premium,,,,80,10,,,
61c427f7-21b1-4e23-a43d-729fc3659562,pile.ninja,premium,,,58,84,4,,,
98ea0fa3-d569-4a3a-ae50-a45661f7c9d8,timepast.ninja,premium,,,,72,9,,,
2c99618d-5132-450f-9afa-df0a8e594e43,NewAntioch.ninja,premium,,,,72,11,,,
0d426b2d-e342-4fb7-93b7-2649d8b4720d,membranekeyboard.ninja,premium,,,68,72,17,,,
a7457ebc-35f8-4123-8f58-783a27112c0c,BlackLaw.ninja,premium,,,60,72,9,,,
211054f1-9d37-4ad6-9880-da24a2044362,wedgebone.ninja,premium,,,54,72,10,,,
bd2d5b58-0878-4f22-9324-d69d386a57d7,payout.ninja,premium,,,,84,7,,,
abb0e555-a049-4c18-86d2-ad9d3294afbf,fortran.ninja,premium,,,48,84,7,,,
9d210369-e769-4f49-8a5d-2538c967b3f5,goalsquare.ninja,premium,,,61,72,11,,,
e26990d5-6ec8-4900-8aeb-0803ee59d3b6,extent.ninja,premium,,,81,80,6,,,
25ecdbd4-325c-4c27-b845-f594970c79b8,transferagent.ninja,premium,,,54,76,14,,,
5697908b-c7b2-4310-9150-c8f219261d83,bookman.ninja,premium,,,52,84,7,,,
cc82fe30-10cc-4664-9427-5807154d6871,commonoak.ninja,premium,,,56,72,10,,,
922f753d-152d-4baa-b198-5d30d22190a8,emailstorm.ninja,premium,,,62,1,11,,,
54b39c7e-04c7-447f-8007-083ac6a29c1b,Himalayanbluepoppy.ninja,premium,,,64,72,20,,,
1b0fd394-2f4a-4933-9501-ea412617211a,singular.ninja,premium,,,80,80,8,,,
69c1cf02-584e-4487-9858-fd5422760711,manystemmed.ninja,premium,,,64,1,12,,,
d52e8a1d-ba11-4d0b-904f-81532842eb50,takeupon.ninja,premium,,,,72,9,,,
ed06911f-cb9c-44c6-bacf-412932bacdc4,gainfully.ninja,premium,,,58,72,9,,,
36d55d76-bd43-4702-b366-dc892c87ade6,velvetpaper.ninja,premium,,,,72,12,,,
076cd809-04b9-42c0-8afa-88453efb3829,slobland.ninja,premium,,,,72,8,,,
b75cdcd7-3a77-4ecc-9e8c-2c38263cab7e,sheeyit.ninja,premium,,,68,1,7,,,
72efadd5-90ed-4561-a7ea-1a990b3e1668,animalmagnetism.ninja,premium,,,54,76,16,,,
e2b09240-3f93-4bc5-bdf8-0d90a298da6d,copyable.ninja,premium,,,54,76,8,,,
9b386db5-898a-4d93-8cf8-a60f82217e7c,Kinlocheil.ninja,premium,,,48,72,10,,,
b28e0682-40ba-48ce-a625-247610446deb,meditative.ninja,premium,,,62,88,10,,,
daab31ed-7031-45ff-b52c-32448795e736,jetliner.ninja,premium,,,70,68,8,,,
44b7d011-df16-42d2-bb10-6d9bb6b31e4c,springtime.ninja,premium,,,,9,10,,,
4b442008-7b83-4925-8496-7f593ff0bcab,Maidens.ninja,premium,,,80,4,7,,,
6e55f25c-2fc1-4034-a2fe-60ee6f8e0889,highlevellanguage.ninja,premium,,,60,72,19,,,
5c0bdb36-bebe-4be0-9015-1ce85f536b1c,letterofreference.ninja,premium,,,79,0,19,,,
6fb1c890-149b-40cf-8b46-e3047097da84,Chinesemacaroni.ninja,premium,,,70,4,16,,,
a09b1e6a-380f-4a74-a595-35fc469a57d5,saluted.ninja,premium,,,,4,7,,,
56262e36-e332-44e0-8abb-72b22491eb3c,callers.ninja,premium,,,40,28,7,,,
ebbbc5f0-1f22-497e-98cd-27156a619845,boxstep.ninja,premium,,,38,76,8,,,
2a6bc0f4-cec9-4c4d-83ff-7539dd33cad9,halfopen.ninja,premium,,,50,72,9,,,
9c733e0f-1f98-4874-881e-a359b85649fa,alabaman.ninja,premium,,,76,76,8,,,
b3a0d896-4ebc-4618-a13e-8cb98e0a32ac,bodyman.ninja,premium,,,54,80,8,,,
3d36ea4a-32de-4d7e-a6b9-0da5b3ab90d0,fieldmarshal.ninja,premium,,,60,84,13,,,
a5283bb1-f3bf-4259-bcd7-4c28d3b29417,wags.ninja,premium,,,,48,4,,,
a2e0f70d-3071-4163-a6b9-31341e3a752b,hyperrealistic.ninja,premium,,,50,72,14,,,
483aff77-7344-499c-be4e-51ef09b7e3fe,thematic.ninja,premium,,,78,84,8,,,
17718d79-54e3-4d97-8711-64f827e8bf1f,anodal.ninja,premium,,,60,2,6,,,
8cea6595-a5a0-43c1-b67c-0fb131137ef8,Britney.ninja,premium,,,84,80,7,,,
6ec56f2d-0b83-41d8-a07f-a574d0222f35,milkshakes.ninja,premium,,,52,32,10,,,
e88e5dbf-b0d7-46dc-a986-215876eb3d81,turbodiesel.ninja,premium,,,58,76,11,,,
27a080b1-1f95-4361-9863-3df1b3ccfb0c,Manxwoman.ninja,premium,,,56,72,9,,,
c4626730-b420-4b65-8fdd-5f57456d41c4,gridnavigation.ninja,premium,,,36,4,15,,,
e0df78a2-cce6-4203-a759-055e8d93862a,eurybiotic.ninja,premium,,,50,4,10,,,
98c23270-4d11-48bf-b33a-ea3b657f6600,sisterlike.ninja,premium,,,56,72,10,,,
8783a1a5-a571-4307-b8b5-9da4bf43ca37,airhorn.ninja,premium,,,60,76,8,,,
882c68d9-c43f-4d8e-ae98-70951ab1e9b1,custardcream.ninja,premium,,,66,72,13,,,
0e3d9a60-b3e7-4ab7-854f-e0154c1fe519,WestonunderLizard.ninja,premium,,,50,72,19,,,
3f69847f-baf9-48ed-b239-2674b4842995,Georgiaoverdrive.ninja,premium,,,54,8,17,,,
0d793f42-9d50-4b51-9342-89473a32e051,acing.ninja,premium,,,40,32,5,,,
c031472e-2873-4fea-a71e-14a11acc8398,coloringbook.ninja,premium,,,64,84,13,,,
455bae6f-9b30-453b-a985-0a6e5585f1d9,cartaway.ninja,premium,,,54,72,9,,,
e0a93f7b-3244-43e0-a460-b02cb64d43d7,wiser.ninja,premium,,,,76,5,,,
3ac58b18-4f7f-4d98-a563-b1f49cb4ffa6,outthink.ninja,premium,,,,44,8,,,
dfa88924-c206-46da-ac35-ce74c8befbc6,givesomeonehisdue.ninja,premium,,,44,72,20,,,
7ab9410b-25a0-4788-838c-901845cc6978,sushitrain.ninja,premium,,,62,76,11,,,
b4576bb4-9b04-4c58-8c43-e129e8061469,clerical.ninja,premium,,,74,80,8,,,
72eb5121-0a52-4438-96bc-9ad4032bdd8c,postapproval.ninja,premium,,,,72,12,,,
e572d2b5-3a29-4450-ada9-82a33053ab0e,gay.ninja,premium,,,122,43,3,,,
11035248-6454-4504-9272-4858dca6aee6,alphageek.ninja,premium,,,55,88,10,,,
99113ba3-2de8-48eb-a8f9-28b50fa905d4,wantad.ninja,premium,,,58,76,7,,,
1a3e683e-3e5b-4083-af5a-cd419f051c11,swrench.ninja,premium,,,58,72,8,,,
a123b938-9983-4d96-a129-24fe3ab76df0,mischief.ninja,premium,,,82,88,8,,,
3dd7f546-5c9b-4af9-8d6e-b92b53055ba6,lunchboxes.ninja,premium,,,56,12,10,,,
27238813-22bb-4e8e-b590-b31fc02c2180,contradancing.ninja,premium,,,36,4,14,,,
42d36f34-4492-4275-a082-f4a508b3c4f2,disposing.ninja,premium,,,54,72,9,,,
422c86f4-bfff-4e2d-b60f-be2ebc7c7742,expedience.ninja,premium,,,58,72,10,,,
ff071c0d-de83-49ea-8f92-3e107d0e53b4,needlebush.ninja,premium,,,52,72,10,,,
211e32cd-3bb8-4801-af78-60d9e3b31478,biostimulation.ninja,premium,,,60,12,14,,,
a9828067-8a9c-4c72-b63e-c5ab4009c185,replay.ninja,premium,,,88,92,6,,,
7e76bafa-912c-4698-a3ae-2bfe5ebeabc8,presentday.ninja,premium,,,,72,11,,,
52de089b-669d-4ce2-b375-0b2dc016a67c,LTR.ninja,premium,,,72,84,3,,,
7e6fc336-fad6-4229-a651-369548618001,GreatBookham.ninja,premium,,,52,72,13,,,
d6efd27d-05de-4df4-9dfd-7473d5a2335e,weightlift.ninja,premium,,,64,76,10,,,
28099cef-972c-426b-8617-9cd91e9a29ab,oars.ninja,premium,,,56,6,4,,,
bd59d454-7133-454b-91d0-656e39f95470,amusive.ninja,premium,,,62,2,7,,,
eb1757db-0396-4e99-bcc2-17886c0273e6,Canadianredpine.ninja,premium,,,56,72,17,,,
135ad4e4-e9ed-438c-8b15-c22ece2987d0,coffeemaking.ninja,premium,,,76,2,13,,,
6315ed58-1763-494e-b0d3-a6c786ec4f55,impulsion.ninja,premium,,,58,84,9,,,
4b6c1291-71a6-40cf-943c-c250fdd17971,WestWorthing.ninja,premium,,,,72,13,,,
9457b351-2874-4eb8-90b1-abec70e8282c,butterflykeyboard.ninja,premium,,,76,1,18,,,
4c8429af-16b5-46ca-b1b6-3e6478aee2da,weightmeasure.ninja,premium,,,54,72,14,,,
076d5056-d897-4389-9375-fb0dbc8d6ce1,dreamlands.ninja,premium,,,42,44,10,,,
d57ea0c5-486a-42ee-8c01-da0658b9a1ba,comeupshort.ninja,premium,,,60,72,13,,,
1f60e65a-4e04-4410-8f65-e2818f4d21fe,walkin.ninja,premium,,,86,80,7,,,
b6f9656d-3d1e-4048-a802-7f83b02ec93c,conventionalise.ninja,premium,,,56,72,15,,,
8940b866-4c27-4926-88f6-e0b6efc6bbc3,suss.ninja,premium,,,92,84,4,,,
3e8f2f3e-be03-4c29-bcae-2d1be3a8d537,divinemessenger.ninja,premium,,,54,72,16,,,
1c7797ee-3da3-4045-8edd-08a183f13cec,welltravelled.ninja,premium,,,,76,14,,,
0574322c-dcdf-4d02-8e8b-af5155e99112,bigname.ninja,premium,,,64,76,8,,,
4f7c5f43-7707-4958-9de6-0097795950e3,highpressure.ninja,premium,,,58,80,13,,,
d3ec0960-c070-478d-8cbe-b2a540fb2811,lorgnons.ninja,premium,,,38,8,8,,,
f14264b0-351c-4c59-9122-7e3b4cbd5245,Chinesegybe.ninja,premium,,,44,72,12,,,
9a4fc60a-664c-4a4c-af5b-1eeae724380a,order.ninja,resell,,,78,40,5,"Sav.com, LLC",02/08/2025 17:12,02/08/2026 17:12
194a806a-6ff0-4941-909d-ed1572268736,ARod.ninja,premium,,,58,76,5,,,
23951daa-d3da-4711-811f-c41a1fef6a75,adjustment.ninja,premium,,,64,76,10,,,
663ea5f7-7cc4-4ebd-96e2-115dbea8197c,makeamark.ninja,premium,,,64,80,11,,,
606b0271-0450-4b2a-88dd-7a3a27dfdc09,acidifying.ninja,premium,,,36,72,10,,,
ee478f27-f4b0-4626-99bf-e327fa0c95b4,criminalize.ninja,premium,,,64,72,11,,,
4064bb99-ba52-49f6-a06d-2188574b38a0,customisation.ninja,premium,,,62,80,13,,,
e9fa623b-04d5-48c6-bd97-c49193c66f07,proudheartedly.ninja,premium,,,52,72,14,,,
8685cd8b-3baf-4ff1-bf58-3d2fa49f639a,analoguewatch.ninja,premium,,,68,68,14,,,
e78f0b27-86b5-4838-8fff-885e89933cc4,speedtrap.ninja,premium,,,56,76,10,,,
dcfe766e-0d84-4d86-a659-00b6e1feb5cd,minorpenalty.ninja,premium,,,58,72,13,,,
e6d45363-32bd-4aa9-b1d8-ea285d217490,crystallizing.ninja,premium,,,58,16,13,,,
6e8bb94e-2c66-4d86-832e-d338b8e46883,purer.ninja,premium,,,,20,5,,,
91da6cbd-9c50-4ab2-bd71-9e86a0ce2758,interwoven.ninja,premium,,,57,88,10,,,
0d05f760-bc13-46e3-ae0e-a74cbc839180,grantwood.ninja,premium,,,58,80,10,,,
305dc1ae-e55d-45d0-88d8-490940947582,expounding.ninja,premium,,,56,76,10,,,
0df16e00-5469-41d5-88d2-74daf4480fd7,trickwig.ninja,premium,,,56,72,9,,,
c32cf654-6197-47fc-95d9-2f38574b7898,gladial.ninja,premium,,,50,8,7,,,
383a753a-99f4-4b89-8052-095d3138d76b,approximates.ninja,premium,,,40,8,12,,,
3f73431b-e843-449a-a17d-be43c20088d4,madhatter.ninja,premium,,,60,80,10,,,
42a7cd2f-ade7-4161-a30b-c04eb79d5c8f,blotting.ninja,premium,,,56,76,8,,,
cd4aea7b-5f1e-49f2-85e9-a192061a7de6,kickabout.ninja,premium,,,56,88,10,,,
dfca2784-934b-43b6-872b-27063c28a7f6,oldster.ninja,premium,,,58,72,7,,,
68513e20-3293-4bd3-ae71-4601f9f446c5,rosemauve.ninja,premium,,,53,72,10,,,
98528911-b65f-4a5f-ba19-165191e5c012,bashawism.ninja,premium,,,50,4,9,,,
19174c6d-5177-4d3a-868e-0114e1124255,EyesofBuddha.ninja,premium,,,58,72,14,,,
ad23a95b-a6d0-48dc-b47f-b96e1371b378,bargaindate.ninja,premium,,,46,4,12,,,
127cce33-1122-4897-abab-b7f8dce6678a,nativeness.ninja,premium,,,60,72,10,,,
bcd88c4b-7def-4563-98ed-0375179f88f6,fantastico.ninja,premium,,,56,76,10,,,
2022c328-f89f-4a98-a10a-efc5851c19d6,gointheoutdoor.ninja,premium,,,56,72,18,,,
7dbc7071-be34-4ef4-9c12-0dc89988baa2,meatloaf.ninja,premium,,,63,72,9,,,
0c9de6a1-8ff7-46b4-bb70-386c80f076c0,speakto.ninja,premium,,,,5,8,,,
b7ad0156-7643-4862-9288-3644047a19ef,sexorgan.ninja,premium,,,56,72,9,,,
b7367223-0a33-47ca-802f-b843278cdc3b,ensky.ninja,premium,,,64,76,5,,,
d385f006-907e-41d7-96b9-64370166692e,lookaway.ninja,premium,,,40,72,9,,,
73e13f4d-5f07-46d4-b343-8c06764d359b,nondeductible.ninja,premium,,,67,72,13,,,
75928276-17aa-441b-b1f1-f82f332b1232,buskanaka.ninja,premium,,,52,76,10,,,
406c11a1-29cf-444c-bcf8-a40c59cd3e84,laconicism.ninja,premium,,,52,72,10,,,
097cc9b6-380b-46dd-9e28-b058f6ed3fbe,childcaring.ninja,premium,,,68,72,11,,,
a72ebaa0-7113-4517-b29a-3dd5df6b1834,sweetdreams.ninja,premium,,,,14,12,,,
2ad95a6e-4a5d-4ccf-a0b2-2360c0f8ab32,havealook.ninja,premium,,,68,80,11,,,
3198c944-8404-4d94-b1a3-a65b76b64ed2,artelinicacid.ninja,premium,,,50,72,14,,,
1872729b-ecfa-4b13-b05d-76108348894e,sanmarino.ninja,premium,,,72,3,10,,,
2e9abda7-a20b-422d-9c50-3db91b8124b5,prunecake.ninja,premium,,,58,72,10,,,
6d29be6c-18f2-48d5-98bd-2563114663e1,Gormanston.ninja,premium,,,44,72,10,,,
9cac948c-59a9-47be-9ebe-e458b6eed368,alteritism.ninja,premium,,,54,4,10,,,
eba04d12-d598-41c9-abdc-4f95cdb31621,responded.ninja,premium,,,,2,9,,,
57957c8a-1ffd-46cc-80cf-56ac05a67a1f,insurancemarket.ninja,premium,,,38,80,16,,,
8190c931-1766-44b5-9878-a931bb0875d9,TainanCity.ninja,premium,,,,16,11,,,
0ea4f35a-1894-4d83-84f6-b25982ee3093,supersonic.ninja,premium,,,82,100,10,,,
46e34612-82d4-4116-a934-429ac14357a2,coolchange.ninja,premium,,,64,84,11,,,
0f5ea468-ef84-410d-8ac4-5bbe08e10c09,cologne.ninja,premium,,,74,76,7,,,
e9319dca-8aa4-4b76-af1e-1afec4bdc913,reuniting.ninja,premium,,,64,80,9,,,
7ccc2d24-0762-40fe-baf8-5f85c20135a0,suspensory.ninja,premium,,,72,72,10,,,
8fd7d19e-431b-4097-b966-8f3b094fc9ad,multiline.ninja,premium,,,,72,10,,,
f4caf708-64ee-4408-a564-a586c9e9f327,embellish.ninja,premium,,,62,84,9,,,
fb491202-c340-43cd-89af-3982fe36e3fa,squaredancing.ninja,premium,,,,72,14,,,
3f12cb48-622f-4ea8-a7b0-94a066c30ebc,triplefeature.ninja,premium,,,64,72,14,,,
664a29dd-1be7-4216-8c54-59e4b6487254,washbin.ninja,premium,,,56,80,8,,,
25a1e414-40b1-4ae8-9443-1575716821ec,rheologic.ninja,premium,,,49,72,9,,,
cade613c-cc82-40b9-ad7d-a2f226a0ff06,fanfic.ninja,premium,,,84,36,6,,,
5dddc4a0-1b94-4d8c-8206-8d42fb76377f,secularist.ninja,premium,,,54,76,10,,,
1036a86d-e335-46a7-b152-532a6f08498a,boatyard.ninja,premium,,,56,80,8,,,
136685fc-9978-49d2-8e1a-e7b88bb10952,uncorking.ninja,premium,,,,12,9,,,
9b48db53-0a33-430b-9538-a28e32e0660e,sunbath.ninja,premium,,,60,68,7,,,
e5da1443-2b8a-4ca6-a895-33c2fd673f48,escrap.ninja,premium,,,62,36,7,,,
7378e83d-73ba-44d2-b364-4a64e4c18255,accountcode.ninja,premium,,,56,72,12,,,
5cf56b97-8c85-460e-a045-2212e4ddf5c6,vial.ninja,premium,,,54,92,4,,,
00371924-aa49-421c-97b6-7e5906eacae2,Frankia.ninja,premium,,,52,76,7,,,
df57858f-d41d-4250-8c38-b8dfbf40ff0d,bunkhouses.ninja,premium,,,36,8,10,,,
ed1f3d29-5bfc-43a4-8744-95a1ca373efe,mustardpowder.ninja,premium,,,,72,14,,,
aaf3c6a7-657b-4792-8173-60ce531451c5,opportunityroom.ninja,premium,,,74,1,16,,,
53eecd5b-c663-45a2-8190-c8434e00df09,driveaway.ninja,premium,,,56,76,10,,,
58366b36-ae73-437e-b18b-5f9d0629c99b,blossom.ninja,premium,,,76,31,7,,,
69740f6b-bebe-46f6-9d59-6d4bf504562a,goby.ninja,premium,,,74,9,5,,,